datetime,balance
2022-01-05 09:01:09.918807,1e+20
2022-01-05 09:01:34.014294,1e+20
2022-01-05 09:01:43.595325,1e+20
2022-01-05 09:02:02.113910,1e+20
2022-01-05 09:03:38.836887,1e+20
2022-01-05 09:08:05.653165,1e+20
2022-01-05 09:09:21.714975,1e+20
2022-01-05 09:15:17.550667,1e+20
2022-01-05 09:17:47.188492,1e+20
2022-01-05 09:18:05.855022,1e+20
2022-01-05 09:18:35.636112,1e+20
2022-01-05 09:21:03.817996,1e+20
2022-01-05 09:22:06.288218,1e+20
2022-01-05 09:36:07.220901,1e+20
2022-01-05 09:36:07.229937,1e+20
2022-01-05 09:36:07.616050,1e+20
2022-01-05 09:37:05.668875,1e+20
2022-01-05 09:40:04.744869,1e+20
2022-01-05 09:46:06.521245,1e+20
2022-01-05 09:47:05.861833,1e+20
2022-01-05 09:48:04.772263,1e+20
2022-01-05 09:54:43.336720,1e+20
2022-01-05 10:05:04.915525,1e+20
2022-01-05 10:06:04.086767,1e+20
2022-01-05 10:08:10.128148,1e+20
2022-01-05 10:11:04.304811,1e+20
2022-01-05 10:24:27.125826,1e+20
2022-01-05 10:26:04.573199,1e+20
2022-01-05 10:38:03.790388,1e+20
2022-01-05 10:42:08.192759,1e+20
2022-01-05 10:42:53.344027,1e+20
2022-01-05 10:43:01.795052,1e+20
2022-01-05 10:46:14.103302,1e+20
2022-01-05 10:47:03.053922,1e+20
2022-01-05 10:47:05.236542,1e+20
2022-01-05 10:47:10.159640,1e+20
2022-01-05 10:47:27.774774,1e+20
2022-01-05 10:47:34.225756,1e+20
2022-01-05 10:47:44.058913,1e+20
2022-01-05 10:48:04.340995,1e+20
2022-01-05 10:48:57.303874,1e+20
2022-01-05 10:51:43.343991,1e+20
2022-01-05 10:51:51.476083,1e+20
2022-01-05 10:54:04.058319,1e+20
2022-01-05 10:54:58.017228,1e+20
2022-01-05 10:55:54.288195,1e+20
2022-01-05 10:56:03.782872,1e+20
2022-01-05 10:56:04.333511,1e+20
2022-01-05 10:57:24.677549,1e+20
2022-01-05 10:57:39.872044,1e+20
2022-01-05 10:59:59.533504,1e+20
2022-01-05 11:01:07.083637,1e+20
2022-01-05 11:03:44.514678,1e+20
2022-01-05 11:05:07.065784,1e+20
2022-01-05 11:09:24.213817,1e+20
2022-01-05 11:10:34.133885,1e+20
2022-01-05 11:15:56.333343,1e+20
2022-01-05 11:16:16.117109,1e+20
2022-01-05 11:16:34.256683,1e+20
2022-01-05 11:16:44.446112,1e+20
2022-01-05 11:16:55.987015,1e+20
2022-01-05 11:17:08.418084,1e+20
2022-01-05 11:19:24.866875,1e+20
2022-01-05 11:19:45.288729,1e+20
2022-01-05 11:21:34.981824,1e+20
2022-01-05 11:23:05.835841,1e+20
2022-01-05 11:23:54.929745,1e+20
2022-01-05 11:24:45.188513,1e+20
2022-01-05 11:26:04.792342,1e+20
2022-01-05 11:26:35.177208,1e+20
2022-01-05 11:28:25.929945,1e+20
2022-01-05 13:01:04.167125,1e+20
2022-01-05 13:01:06.745221,1e+20
2022-01-05 13:01:06.753988,1e+20
2022-01-05 13:05:03.565950,1e+20
2022-01-05 13:08:21.612832,1e+20
2022-01-05 13:10:18.266996,1e+20
2022-01-05 13:15:05.618024,1e+20
2022-01-05 13:20:01.013702,1e+20
2022-01-05 13:20:10.091438,1e+20
2022-01-05 13:23:09.518652,1e+20
2022-01-05 13:25:18.481710,1e+20
2022-01-05 13:26:05.906359,1e+20
2022-01-05 13:26:12.090072,1e+20
2022-01-05 13:27:00.497544,1e+20
2022-01-05 13:32:52.030557,1e+20
2022-01-05 13:33:07.696540,1e+20
2022-01-05 13:35:09.903694,1e+20
2022-01-05 13:36:05.765435,1e+20
2022-01-05 13:39:00.081583,1e+20
2022-01-05 13:40:02.386726,1e+20
2022-01-05 13:41:23.379755,1e+20
2022-01-05 13:42:05.612356,1e+20
2022-01-05 13:44:14.492462,1e+20
2022-01-05 13:45:52.810706,1e+20
2022-01-05 13:50:06.061657,1e+20
2022-01-05 13:52:12.265102,1e+20
2022-01-05 13:54:43.723175,1e+20
2022-01-05 13:57:20.528866,1e+20
2022-01-05 13:57:56.497569,1e+20
2022-01-05 14:06:17.889683,1e+20
2022-01-05 14:08:44.635830,1e+20
2022-01-05 14:08:46.520775,1e+20
2022-01-05 14:08:50.707471,1e+20
2022-01-05 14:09:12.580315,1e+20
2022-01-05 14:11:02.025326,1e+20
2022-01-05 14:11:07.058218,1e+20
2022-01-05 14:13:06.291031,1e+20
2022-01-05 14:14:14.513488,1e+20
2022-01-05 14:15:13.703656,1e+20
2022-01-05 14:16:40.326342,1e+20
2022-01-05 14:17:23.924060,1e+20
2022-01-05 14:17:37.921214,1e+20
2022-01-05 14:19:11.711664,1e+20
2022-01-05 14:22:33.477519,1e+20
2022-01-05 14:24:34.636861,1e+20
2022-01-05 14:28:03.358120,1e+20
2022-01-05 14:29:06.714062,1e+20
2022-01-05 14:29:07.363053,1e+20
2022-01-06 09:00:13.146835,1e+20
2022-01-06 09:01:04.775817,1e+20
2022-01-06 09:01:21.965509,1e+20
2022-01-06 09:01:31.590369,1e+20
2022-01-06 09:16:14.829489,1e+20
2022-01-06 09:17:35.279268,1e+20
2022-01-06 09:19:36.053418,1e+20
2022-01-06 09:22:51.048818,1e+20
2022-01-06 09:25:05.362064,1e+20
2022-01-06 09:29:45.552338,1e+20
2022-01-06 09:31:19.246365,1e+20
2022-01-06 09:31:25.680446,1e+20
2022-01-06 09:34:07.000884,1e+20
2022-01-06 09:38:06.599447,1e+20
2022-01-06 09:40:53.394939,1e+20
2022-01-06 09:43:05.575233,1e+20
2022-01-06 09:44:08.638423,1e+20
2022-01-06 09:52:11.028383,1e+20
2022-01-06 09:57:33.675642,1e+20
2022-01-06 10:13:15.458111,1e+20
2022-01-06 10:15:02.435941,1e+20
2022-01-06 10:15:29.492377,1e+20
2022-01-06 10:19:04.498561,1e+20
2022-01-06 10:22:05.596210,1e+20
2022-01-06 10:25:40.563400,1e+20
2022-01-06 10:35:12.786657,1e+20
2022-01-06 10:35:54.273284,1e+20
2022-01-06 10:38:45.648027,1e+20
2022-01-06 10:45:04.861667,1e+20
2022-01-06 10:46:11.649059,1e+20
2022-01-06 10:48:04.161011,1e+20
2022-01-06 10:48:25.486118,1e+20
2022-01-06 10:50:06.720460,1e+20
2022-01-06 10:52:12.412459,1e+20
2022-01-06 10:52:45.035860,1e+20
2022-01-06 10:54:48.094879,1e+20
2022-01-06 10:57:45.870265,1e+20
2022-01-06 11:01:27.637688,1e+20
2022-01-06 11:01:42.018420,1e+20
2022-01-06 11:02:47.142830,1e+20
2022-01-06 11:04:15.679146,1e+20
2022-01-06 11:04:18.260071,1e+20
2022-01-06 11:04:58.010073,1e+20
2022-01-06 11:05:15.779684,1e+20
2022-01-06 11:05:24.060510,1e+20
2022-01-06 11:07:06.219076,1e+20
2022-01-06 11:07:51.626353,1e+20
2022-01-06 11:08:06.129061,1e+20
2022-01-06 11:08:07.605252,1e+20
2022-01-06 11:08:25.829099,1e+20
2022-01-06 11:09:25.651212,1e+20
2022-01-06 11:09:41.933859,1e+20
2022-01-06 11:09:45.595333,1e+20
2022-01-06 11:10:04.589311,1e+20
2022-01-06 11:10:19.125754,1e+20
2022-01-06 11:10:57.820191,1e+20
2022-01-06 11:11:05.729226,1e+20
2022-01-06 11:11:17.734035,1e+20
2022-01-06 11:11:26.585363,1e+20
2022-01-06 11:12:05.629624,1e+20
2022-01-06 11:12:20.078892,1e+20
2022-01-06 11:14:34.837381,1e+20
2022-01-06 11:14:39.512300,1e+20
2022-01-06 11:15:37.394250,1e+20
2022-01-06 11:15:48.057238,1e+20
2022-01-06 11:16:36.136541,1e+20
2022-01-06 11:16:48.340069,1e+20
2022-01-06 11:17:17.620065,1e+20
2022-01-06 11:18:26.432632,1e+20
2022-01-06 11:19:16.664428,1e+20
2022-01-06 11:20:21.210512,1e+20
2022-01-06 11:22:12.687522,1e+20
2022-01-06 11:22:55.926593,1e+20
2022-01-06 11:23:02.504594,1e+20
2022-01-06 11:23:07.419652,1e+20
2022-01-06 11:23:19.865096,1e+20
2022-01-06 11:23:28.142845,1e+20
2022-01-06 11:23:36.622198,1e+20
2022-01-06 11:23:59.986470,1e+20
2022-01-06 11:24:40.365477,1e+20
2022-01-06 11:24:52.030052,1e+20
2022-01-06 11:27:26.324296,1e+20
2022-01-06 11:28:23.207529,1e+20
2022-01-06 11:29:31.817402,1e+20
2022-01-06 11:30:01.370287,1e+20
2022-01-06 13:00:55.554889,1e+20
2022-01-06 13:01:11.857810,1e+20
2022-01-06 13:01:12.800956,1e+20
2022-01-06 13:01:25.748499,1e+20
2022-01-06 13:01:27.129214,1e+20
2022-01-06 13:15:31.517003,1e+20
2022-01-06 13:19:05.133508,1e+20
2022-01-06 13:22:04.897622,1e+20
2022-01-06 13:31:28.279318,1e+20
2022-01-06 13:32:02.617487,1e+20
2022-01-06 13:34:24.511557,1e+20
2022-01-06 13:35:30.227361,1e+20
2022-01-06 13:41:42.628709,1e+20
2022-01-06 13:43:04.693468,1e+20
2022-01-06 13:43:33.952773,1e+20
2022-01-06 13:43:50.151469,1e+20
2022-01-06 13:44:02.834651,1e+20
2022-01-06 13:52:06.162224,1e+20
2022-01-06 13:53:11.760020,1e+20
2022-01-06 13:53:34.637757,1e+20
2022-01-06 13:53:49.608417,1e+20
2022-01-06 13:55:26.399268,1e+20
2022-01-06 14:02:05.603225,1e+20
2022-01-06 14:02:11.969811,1e+20
2022-01-06 14:03:32.259761,1e+20
2022-01-06 14:04:02.698410,1e+20
2022-01-06 14:04:21.544789,1e+20
2022-01-06 14:04:59.577241,1e+20
2022-01-06 14:05:33.766533,1e+20
2022-01-06 14:06:04.328378,1e+20
2022-01-06 14:08:25.738742,1e+20
2022-01-06 14:11:05.746917,1e+20
2022-01-06 14:11:52.613917,1e+20
2022-01-06 14:12:03.348614,1e+20
2022-01-06 14:13:53.354623,1e+20
2022-01-06 14:16:08.142969,1e+20
2022-01-06 14:16:12.401589,1e+20
2022-01-06 14:16:14.422115,1e+20
2022-01-06 14:16:18.477631,1e+20
2022-01-06 14:16:22.546475,1e+20
2022-01-06 14:16:24.868280,1e+20
2022-01-06 14:16:26.935140,1e+20
2022-01-06 14:17:06.124232,1e+20
2022-01-06 14:17:12.314308,1e+20
2022-01-06 14:17:16.275658,1e+20
2022-01-06 14:17:20.363668,1e+20
2022-01-06 14:17:28.776053,1e+20
2022-01-06 14:17:30.654493,1e+20
2022-01-06 14:19:19.764790,1e+20
2022-01-06 14:20:05.183511,1e+20
2022-01-06 14:20:08.706660,1e+20
2022-01-06 14:20:10.581784,1e+20
2022-01-06 14:20:12.609977,1e+20
2022-01-06 14:20:48.442598,1e+20
2022-01-06 14:20:56.730717,1e+20
2022-01-06 14:21:30.693076,1e+20
2022-01-06 14:22:02.104475,1e+20
2022-01-06 14:22:07.112871,1e+20
2022-01-06 14:22:08.813433,1e+20
2022-01-06 14:24:00.130216,1e+20
2022-01-06 14:24:50.659274,1e+20
2022-01-06 14:26:58.539185,1e+20
2022-01-06 14:27:05.447460,1e+20
2022-01-07 09:00:40.034649,1e+20
2022-01-07 09:01:40.010716,1e+20
2022-01-07 09:02:15.451654,1e+20
2022-01-07 09:02:15.641940,1e+20
2022-01-07 09:04:08.298254,1e+20
2022-01-07 09:04:13.629237,1e+20
2022-01-07 09:06:29.794358,1e+20
2022-01-07 09:16:59.395585,1e+20
2022-01-07 09:23:59.574498,1e+20
2022-01-07 09:28:49.719517,1e+20
2022-01-07 09:33:27.410431,1e+20
2022-01-07 09:34:06.841235,1e+20
2022-01-07 09:34:19.878389,1e+20
2022-01-07 09:35:06.133364,1e+20
2022-01-07 09:38:04.924869,1e+20
2022-01-07 09:38:19.568332,1e+20
2022-01-07 09:40:05.454938,1e+20
2022-01-07 09:40:35.498529,1e+20
2022-01-07 09:42:07.891866,1e+20
2022-01-07 09:42:21.158292,1e+20
2022-01-07 09:48:05.326997,1e+20
2022-01-07 09:55:16.032507,1e+20
2022-01-07 09:56:17.704161,1e+20
2022-01-07 09:58:29.234039,1e+20
2022-01-07 10:01:00.756740,1e+20
2022-01-07 10:01:27.338480,1e+20
2022-01-07 10:02:05.662533,1e+20
2022-01-07 10:05:49.585824,1e+20
2022-01-07 10:16:43.870734,1e+20
2022-01-07 10:18:29.910156,1e+20
2022-01-07 10:21:36.272673,1e+20
2022-01-07 10:22:10.442006,1e+20
2022-01-07 10:23:26.208824,1e+20
2022-01-07 10:23:32.616776,1e+20
2022-01-07 10:24:04.476566,1e+20
2022-01-07 10:24:41.578943,1e+20
2022-01-07 10:26:58.484485,1e+20
2022-01-07 10:30:39.866720,1e+20
2022-01-07 10:36:05.823974,1e+20
2022-01-07 10:40:19.529363,1e+20
2022-01-07 10:42:11.829659,1e+20
2022-01-07 10:45:53.233183,1e+20
2022-01-07 10:45:59.282090,1e+20
2022-01-07 10:52:51.642026,1e+20
2022-01-07 10:54:28.337078,1e+20
2022-01-07 10:54:37.491100,1e+20
2022-01-07 10:55:47.697533,1e+20
2022-01-07 10:59:34.281157,1e+20
2022-01-07 11:09:18.049307,1e+20
2022-01-07 11:10:03.024664,1e+20
2022-01-07 11:12:53.456706,1e+20
2022-01-07 11:16:01.896090,1e+20
2022-01-07 11:20:02.750248,1e+20
2022-01-07 11:20:04.061009,1e+20
2022-01-07 11:20:44.103837,1e+20
2022-01-07 11:22:49.565941,1e+20
2022-01-07 13:01:10.878076,1e+20
2022-01-07 13:01:12.284842,1e+20
2022-01-07 13:01:55.390926,1e+20
2022-01-07 13:05:20.211966,1e+20
2022-01-07 13:10:02.114374,1e+20
2022-01-07 13:21:50.570054,1e+20
2022-01-07 13:22:04.288870,1e+20
2022-01-07 13:25:05.172063,1e+20
2022-01-07 13:28:06.626076,1e+20
2022-01-07 13:28:43.739887,1e+20
2022-01-07 13:30:06.714057,1e+20
2022-01-07 13:31:35.796978,1e+20
2022-01-07 13:32:45.603851,1e+20
2022-01-07 13:36:32.101445,1e+20
2022-01-07 13:37:25.810511,1e+20
2022-01-07 13:39:32.396631,1e+20
2022-01-07 13:42:04.820635,1e+20
2022-01-07 13:46:04.995117,1e+20
2022-01-07 13:47:03.943565,1e+20
2022-01-07 13:48:08.134974,1e+20
2022-01-07 13:49:10.035103,1e+20
2022-01-07 13:49:12.103338,1e+20
2022-01-07 13:52:05.793705,1e+20
2022-01-07 13:53:22.361089,1e+20
2022-01-07 13:53:55.998048,1e+20
2022-01-07 13:55:58.774857,1e+20
2022-01-07 13:56:07.008696,1e+20
2022-01-07 13:58:04.832410,1e+20
2022-01-07 14:00:05.903185,1e+20
2022-01-07 14:00:55.606777,1e+20
2022-01-07 14:01:49.815920,1e+20
2022-01-07 14:03:59.883049,1e+20
2022-01-07 14:04:03.025523,1e+20
2022-01-07 14:06:46.528613,1e+20
2022-01-07 14:06:48.591732,1e+20
2022-01-07 14:06:54.930221,1e+20
2022-01-07 14:10:06.529016,1e+20
2022-01-07 14:12:00.136528,1e+20
2022-01-07 14:12:46.329919,1e+20
2022-01-07 14:13:12.110406,1e+20
2022-01-07 14:14:04.036782,1e+20
2022-01-07 14:15:46.641435,1e+20
2022-01-07 14:16:04.117152,1e+20
2022-01-07 14:17:02.629718,1e+20
2022-01-07 14:17:55.324898,1e+20
2022-01-07 14:20:01.520372,1e+20
2022-01-07 14:20:04.560073,1e+20
2022-01-07 14:22:04.519566,1e+20
2022-01-07 14:23:04.242875,1e+20
2022-01-07 14:23:35.321473,1e+20
2022-01-07 14:24:22.499329,1e+20
2022-01-07 14:25:04.905188,1e+20
2022-01-07 14:27:54.193667,1e+20
2022-01-07 14:28:07.185515,1e+20
2022-01-10 09:00:54.052951,1e+20
2022-01-10 09:01:57.092622,1e+20
2022-01-10 09:02:46.163743,1e+20
2022-01-10 09:06:07.530952,1e+20
2022-01-10 09:17:09.018918,1e+20
2022-01-10 09:19:06.661137,1e+20
2022-01-10 09:24:04.789981,1e+20
2022-01-10 09:27:22.885238,1e+20
2022-01-10 09:35:04.616038,1e+20
2022-01-10 09:35:23.410864,1e+20
2022-01-10 09:36:20.891846,1e+20
2022-01-10 09:36:31.893593,1e+20
2022-01-10 09:39:02.945337,1e+20
2022-01-10 09:43:06.016992,1e+20
2022-01-10 09:43:06.461796,1e+20
2022-01-10 09:44:53.166859,1e+20
2022-01-10 09:45:07.591474,1e+20
2022-01-10 09:45:42.892758,1e+20
2022-01-10 09:50:47.358415,1e+20
2022-01-10 09:51:09.091019,1e+20
2022-01-10 09:58:10.796145,1e+20
2022-01-10 09:58:20.913221,1e+20
2022-01-10 10:00:06.268548,1e+20
2022-01-10 10:00:21.956256,1e+20
2022-01-10 10:04:51.171727,1e+20
2022-01-10 10:11:31.238684,1e+20
2022-01-10 10:12:04.981968,1e+20
2022-01-10 10:12:35.115215,1e+20
2022-01-10 10:19:07.115975,1e+20
2022-01-10 10:19:11.220208,1e+20
2022-01-10 10:21:27.114746,1e+20
2022-01-10 10:23:31.582364,1e+20
2022-01-10 10:24:04.637269,1e+20
2022-01-10 10:25:05.505870,1e+20
2022-01-10 10:26:05.269832,1e+20
2022-01-10 10:26:51.422687,1e+20
2022-01-10 10:27:05.762881,1e+20
2022-01-10 10:30:51.216141,1e+20
2022-01-10 10:38:17.040779,1e+20
2022-01-10 10:43:30.025120,1e+20
2022-01-10 10:45:03.955511,1e+20
2022-01-10 10:45:48.325554,1e+20
2022-01-10 10:46:58.202310,1e+20
2022-01-10 10:47:04.828617,1e+20
2022-01-10 10:49:05.149456,1e+20
2022-01-10 10:51:27.127613,1e+20
2022-01-10 10:52:38.011182,1e+20
2022-01-10 10:54:17.998301,1e+20
2022-01-10 10:56:39.139347,1e+20
2022-01-10 11:00:05.145995,1e+20
2022-01-10 11:01:05.190095,1e+20
2022-01-10 11:03:05.839881,1e+20
2022-01-10 11:04:57.532753,1e+20
2022-01-10 11:08:03.955571,1e+20
2022-01-10 11:09:53.362409,1e+20
2022-01-10 11:12:04.294001,1e+20
2022-01-10 11:19:13.284906,1e+20
2022-01-10 11:19:47.325954,1e+20
2022-01-10 11:19:55.706049,1e+20
2022-01-10 11:22:05.334953,1e+20
2022-01-10 11:23:04.297130,1e+20
2022-01-10 11:23:15.119172,1e+20
2022-01-10 11:27:45.008630,1e+20
2022-01-10 11:27:54.059976,1e+20
2022-01-10 11:28:11.573447,1e+20
2022-01-10 11:28:30.377908,1e+20
2022-01-10 13:08:13.426690,1e+20
2022-01-10 13:14:58.294391,1e+20
2022-01-10 13:16:38.024433,1e+20
2022-01-10 13:17:31.571013,1e+20
2022-01-10 13:23:45.495719,1e+20
2022-01-10 13:23:57.899503,1e+20
2022-01-10 13:24:17.473489,1e+20
2022-01-10 13:24:33.924575,1e+20
2022-01-10 13:24:55.599612,1e+20
2022-01-10 13:25:05.217618,1e+20
2022-01-10 13:25:12.151087,1e+20
2022-01-10 13:27:19.815546,1e+20
2022-01-10 13:27:34.132762,1e+20
2022-01-10 13:28:03.657332,1e+20
2022-01-10 13:29:37.922307,1e+20
2022-01-10 13:30:06.805377,1e+20
2022-01-10 13:31:57.942065,1e+20
2022-01-10 13:36:08.367687,1e+20
2022-01-10 13:38:03.975643,1e+20
2022-01-10 13:38:47.608955,1e+20
2022-01-10 13:40:16.113530,1e+20
2022-01-10 13:42:04.522842,1e+20
2022-01-10 13:44:57.957214,1e+20
2022-01-10 13:45:05.331704,1e+20
2022-01-10 13:45:13.847496,1e+20
2022-01-10 13:51:07.248321,1e+20
2022-01-10 13:51:08.716657,1e+20
2022-01-10 13:53:37.946667,1e+20
2022-01-10 13:54:06.214139,1e+20
2022-01-10 13:54:07.991260,1e+20
2022-01-10 13:55:46.933803,1e+20
2022-01-10 13:56:06.843680,1e+20
2022-01-10 13:56:17.616604,1e+20
2022-01-10 13:56:55.593999,1e+20
2022-01-10 14:00:08.502742,1e+20
2022-01-10 14:01:37.976414,1e+20
2022-01-10 14:01:39.720145,1e+20
2022-01-10 14:02:37.745738,1e+20
2022-01-10 14:02:50.005342,1e+20
2022-01-10 14:06:05.626853,1e+20
2022-01-10 14:06:11.738028,1e+20
2022-01-10 14:08:04.388610,1e+20
2022-01-10 14:08:14.208285,1e+20
2022-01-10 14:09:24.113719,1e+20
2022-01-10 14:10:04.320762,1e+20
2022-01-10 14:10:19.766727,1e+20
2022-01-10 14:12:04.546827,1e+20
2022-01-10 14:15:08.062495,1e+20
2022-01-10 14:15:14.220507,1e+20
2022-01-10 14:15:44.135215,1e+20
2022-01-10 14:16:49.770951,1e+20
2022-01-10 14:17:46.513572,1e+20
2022-01-10 14:18:10.210991,1e+20
2022-01-10 14:18:40.174467,1e+20
2022-01-10 14:19:03.630142,1e+20
2022-01-10 14:19:30.955500,1e+20
2022-01-10 14:19:49.529147,1e+20
2022-01-10 14:21:12.935080,1e+20
2022-01-10 14:21:32.531562,1e+20
2022-01-10 14:23:56.739855,1e+20
2022-01-10 14:26:28.090432,1e+20
2022-01-10 14:27:21.744257,1e+20
2022-01-10 14:28:39.793965,1e+20
2022-01-10 14:28:44.220597,1e+20
2022-01-10 14:29:54.298925,1e+20
2022-01-11 09:00:52.197039,1e+20
2022-01-11 09:01:24.921582,1e+20
2022-01-11 09:01:38.626338,1e+20
2022-01-11 09:01:43.373136,1e+20
2022-01-11 09:01:56.390921,1e+20
2022-01-11 09:02:09.812642,1e+20
2022-01-11 09:09:03.392108,1e+20
2022-01-11 09:10:11.185126,1e+20
2022-01-11 09:11:05.354276,1e+20
2022-01-11 09:12:07.989042,1e+20
2022-01-11 09:16:06.049575,1e+20
2022-01-11 09:22:06.211773,1e+20
2022-01-11 09:23:23.509739,1e+20
2022-01-11 09:23:51.224786,1e+20
2022-01-11 09:24:11.736097,1e+20
2022-01-11 09:25:57.691492,1e+20
2022-01-11 09:26:08.622926,1e+20
2022-01-11 09:26:21.608351,1e+20
2022-01-11 09:28:07.893161,1e+20
2022-01-11 09:30:47.237526,1e+20
2022-01-11 09:31:06.195927,1e+20
2022-01-11 09:31:15.900712,1e+20
2022-01-11 09:33:06.406834,1e+20
2022-01-11 09:34:05.595914,1e+20
2022-01-11 09:34:17.303717,1e+20
2022-01-11 09:35:05.592375,1e+20
2022-01-11 09:40:05.816215,1e+20
2022-01-11 09:41:43.482700,1e+20
2022-01-11 09:42:17.476452,1e+20
2022-01-11 09:43:04.719667,1e+20
2022-01-11 09:44:02.018045,1e+20
2022-01-11 09:46:52.415936,1e+20
2022-01-11 09:51:09.913780,1e+20
2022-01-11 09:52:45.680910,1e+20
2022-01-11 09:54:25.621820,1e+20
2022-01-11 10:01:05.514535,1e+20
2022-01-11 10:08:35.407962,1e+20
2022-01-11 10:20:21.768981,1e+20
2022-01-11 10:21:02.747841,1e+20
2022-01-11 10:22:15.532816,1e+20
2022-01-11 10:22:46.362637,1e+20
2022-01-11 10:23:54.305893,1e+20
2022-01-11 10:28:01.797883,1e+20
2022-01-11 10:28:08.048088,1e+20
2022-01-11 10:29:41.847430,1e+20
2022-01-11 10:32:04.884423,1e+20
2022-01-11 10:37:53.832745,1e+20
2022-01-11 10:40:30.350086,1e+20
2022-01-11 10:44:13.948783,1e+20
2022-01-11 10:45:57.929340,1e+20
2022-01-11 10:46:05.647482,1e+20
2022-01-11 10:47:43.395429,1e+20
2022-01-11 10:53:36.301921,1e+20
2022-01-11 10:55:56.200812,1e+20
2022-01-11 10:59:29.862719,1e+20
2022-01-11 10:59:36.182990,1e+20
2022-01-11 11:02:35.760621,1e+20
2022-01-11 11:06:38.334092,1e+20
2022-01-11 11:06:50.163572,1e+20
2022-01-11 11:12:02.694696,1e+20
2022-01-11 11:13:54.788635,1e+20
2022-01-11 11:15:18.449461,1e+20
2022-01-11 11:15:45.141491,1e+20
2022-01-11 11:16:14.365185,1e+20
2022-01-11 11:19:02.005379,1e+20
2022-01-11 11:19:25.930900,1e+20
2022-01-11 11:21:13.793371,1e+20
2022-01-11 11:24:27.890031,1e+20
2022-01-11 11:26:38.064208,1e+20
2022-01-11 11:26:49.661064,1e+20
2022-01-11 11:27:06.299911,1e+20
2022-01-11 11:27:44.534114,1e+20
2022-01-11 11:28:03.709146,1e+20
2022-01-11 11:28:06.435771,1e+20
2022-01-11 11:30:03.194059,1e+20
2022-01-11 13:06:58.333284,1e+20
2022-01-11 13:08:38.527903,1e+20
2022-01-11 13:09:08.555891,1e+20
2022-01-11 13:13:24.233718,1e+20
2022-01-11 13:15:42.172429,1e+20
2022-01-11 13:21:06.155536,1e+20
2022-01-11 13:21:29.772315,1e+20
2022-01-11 13:22:28.375675,1e+20
2022-01-11 13:29:40.440190,1e+20
2022-01-11 13:31:13.119018,1e+20
2022-01-11 13:31:52.411905,1e+20
2022-01-11 13:33:45.654913,1e+20
2022-01-11 13:34:06.428289,1e+20
2022-01-11 13:37:11.718490,1e+20
2022-01-11 13:39:02.213036,1e+20
2022-01-11 13:41:23.370719,1e+20
2022-01-11 13:42:52.063591,1e+20
2022-01-11 13:44:05.260493,1e+20
2022-01-11 13:45:42.529750,1e+20
2022-01-11 13:46:44.126411,1e+20
2022-01-11 13:47:04.801238,1e+20
2022-01-11 13:48:12.799639,1e+20
2022-01-11 13:51:37.033472,1e+20
2022-01-11 13:56:06.240500,1e+20
2022-01-11 13:56:38.905278,1e+20
2022-01-11 13:56:41.027680,1e+20
2022-01-11 14:00:12.651151,1e+20
2022-01-11 14:02:06.931451,1e+20
2022-01-11 14:02:19.985950,1e+20
2022-01-11 14:02:22.489703,1e+20
2022-01-11 14:02:46.863149,1e+20
2022-01-11 14:03:04.557157,1e+20
2022-01-11 14:03:42.993920,1e+20
2022-01-11 14:04:44.416259,1e+20
2022-01-11 14:05:07.398858,1e+20
2022-01-11 14:05:24.612020,1e+20
2022-01-11 14:05:56.462878,1e+20
2022-01-11 14:06:07.316736,1e+20
2022-01-11 14:09:35.406066,1e+20
2022-01-11 14:10:04.938677,1e+20
2022-01-11 14:10:49.258259,1e+20
2022-01-11 14:12:05.623843,1e+20
2022-01-11 14:13:43.466589,1e+20
2022-01-11 14:14:03.892703,1e+20
2022-01-11 14:15:08.744905,1e+20
2022-01-11 14:18:13.585215,1e+20
2022-01-11 14:20:31.358135,1e+20
2022-01-11 14:23:17.527827,1e+20
2022-01-11 14:23:33.031548,1e+20
2022-01-11 14:24:14.767227,1e+20
2022-01-11 14:25:31.105341,1e+20
2022-01-11 14:25:54.875193,1e+20
2022-01-11 14:26:04.939638,1e+20
2022-01-11 14:26:52.943019,1e+20
2022-01-11 14:27:32.845996,1e+20
2022-01-11 14:28:01.214649,1e+20
2022-01-11 14:29:07.274941,1e+20
2022-01-11 14:29:32.199016,1e+20
2022-01-11 14:29:46.440912,1e+20
2022-01-12 09:00:26.244492,1e+20
2022-01-12 09:00:47.500018,1e+20
2022-01-12 09:01:03.922039,1e+20
2022-01-12 09:01:08.099593,1e+20
2022-01-12 09:01:24.541703,1e+20
2022-01-12 09:01:29.970571,1e+20
2022-01-12 09:01:31.941682,1e+20
2022-01-12 09:01:33.439611,1e+20
2022-01-12 09:01:36.373587,1e+20
2022-01-12 09:01:44.352739,1e+20
2022-01-12 09:01:53.483510,1e+20
2022-01-12 09:06:59.164975,1e+20
2022-01-12 09:07:35.328104,1e+20
2022-01-12 09:08:03.630724,1e+20
2022-01-12 09:08:33.088384,1e+20
2022-01-12 09:09:31.848615,1e+20
2022-01-12 09:11:04.684365,1e+20
2022-01-12 09:11:13.730727,1e+20
2022-01-12 09:11:43.941551,1e+20
2022-01-12 09:12:41.359388,1e+20
2022-01-12 09:13:21.576748,1e+20
2022-01-12 09:13:27.633090,1e+20
2022-01-12 09:13:40.888452,1e+20
2022-01-12 09:15:17.977445,1e+20
2022-01-12 09:15:44.092154,1e+20
2022-01-12 09:16:35.457895,1e+20
2022-01-12 09:17:11.688080,1e+20
2022-01-12 09:18:06.517449,1e+20
2022-01-12 09:21:09.656323,1e+20
2022-01-12 09:21:31.278665,1e+20
2022-01-12 09:23:00.061100,1e+20
2022-01-12 09:23:06.799791,1e+20
2022-01-12 09:23:53.428645,1e+20
2022-01-12 09:24:02.895754,1e+20
2022-01-12 09:25:15.697849,1e+20
2022-01-12 09:26:39.139612,1e+20
2022-01-12 09:28:24.235391,1e+20
2022-01-12 09:29:05.766960,1e+20
2022-01-12 09:30:16.619508,1e+20
2022-01-12 09:30:27.677347,1e+20
2022-01-12 09:30:31.692714,1e+20
2022-01-12 09:32:41.536342,1e+20
2022-01-12 09:32:45.582073,1e+20
2022-01-12 09:37:09.561449,1e+20
2022-01-12 09:37:18.838759,1e+20
2022-01-12 09:38:06.869858,1e+20
2022-01-12 09:39:04.063998,1e+20
2022-01-12 09:41:26.071280,1e+20
2022-01-12 09:43:04.640220,1e+20
2022-01-12 09:43:49.282843,1e+20
2022-01-12 09:45:06.479712,1e+20
2022-01-12 09:45:06.487946,1e+20
2022-01-12 09:46:04.965638,1e+20
2022-01-12 09:48:02.743718,1e+20
2022-01-12 09:49:06.399771,1e+20
2022-01-12 09:49:06.593934,1e+20
2022-01-12 09:52:06.243566,1e+20
2022-01-12 09:55:06.503271,1e+20
2022-01-12 09:55:36.023355,1e+20
2022-01-12 09:56:27.392593,1e+20
2022-01-12 10:00:06.246401,1e+20
2022-01-12 10:01:04.034949,1e+20
2022-01-12 10:01:57.831756,1e+20
2022-01-12 10:02:05.059019,1e+20
2022-01-12 10:02:08.214291,1e+20
2022-01-12 10:03:07.748699,1e+20
2022-01-12 10:05:45.539440,1e+20
2022-01-12 10:07:05.954936,1e+20
2022-01-12 10:07:37.584322,1e+20
2022-01-12 10:08:00.266233,1e+20
2022-01-12 10:09:43.399441,1e+20
2022-01-12 10:12:05.126650,1e+20
2022-01-12 10:13:04.336069,1e+20
2022-01-12 10:13:42.446026,1e+20
2022-01-12 10:14:05.161489,1e+20
2022-01-12 10:15:06.384637,1e+20
2022-01-12 10:18:58.167814,1e+20
2022-01-12 10:20:07.460241,1e+20
2022-01-12 10:21:07.973406,1e+20
2022-01-12 10:21:31.596676,1e+20
2022-01-12 10:21:39.707984,1e+20
2022-01-12 10:21:46.108939,1e+20
2022-01-12 10:24:07.081443,1e+20
2022-01-12 10:24:56.469505,1e+20
2022-01-12 10:25:06.970572,1e+20
2022-01-12 10:26:34.247751,1e+20
2022-01-12 10:28:50.186885,1e+20
2022-01-12 10:32:05.651244,1e+20
2022-01-12 10:32:06.243273,1e+20
2022-01-12 10:32:26.491632,1e+20
2022-01-12 10:34:15.777473,1e+20
2022-01-12 10:36:06.275644,1e+20
2022-01-12 10:38:10.351025,1e+20
2022-01-12 10:40:41.808758,1e+20
2022-01-12 10:46:33.742522,1e+20
2022-01-12 10:47:21.063393,1e+20
2022-01-12 10:47:38.561764,1e+20
2022-01-12 10:48:04.744281,1e+20
2022-01-12 10:48:34.077198,1e+20
2022-01-12 10:52:13.679310,1e+20
2022-01-12 10:53:30.240414,1e+20
2022-01-12 10:54:17.569244,1e+20
2022-01-12 10:54:59.937424,1e+20
2022-01-12 10:55:04.190777,1e+20
2022-01-12 10:56:18.197961,1e+20
2022-01-12 10:57:56.108812,1e+20
2022-01-12 10:59:04.415440,1e+20
2022-01-12 11:02:08.653906,1e+20
2022-01-12 11:04:38.051691,1e+20
2022-01-12 11:04:59.612704,1e+20
2022-01-12 11:06:28.422938,1e+20
2022-01-12 11:07:34.303446,1e+20
2022-01-12 11:08:05.023441,1e+20
2022-01-12 11:09:42.485547,1e+20
2022-01-12 11:10:06.202715,1e+20
2022-01-12 11:10:06.976830,1e+20
2022-01-12 11:10:18.616166,1e+20
2022-01-12 11:11:06.738111,1e+20
2022-01-12 11:11:20.401855,1e+20
2022-01-12 11:11:53.600776,1e+20
2022-01-12 11:13:49.318109,1e+20
2022-01-12 11:14:05.680438,1e+20
2022-01-12 11:14:12.834353,1e+20
2022-01-12 11:14:30.327389,1e+20
2022-01-12 11:15:08.136235,1e+20
2022-01-12 11:15:08.158299,1e+20
2022-01-12 11:15:54.981873,1e+20
2022-01-12 11:16:19.678493,1e+20
2022-01-12 11:17:54.669968,1e+20
2022-01-12 11:17:57.634310,1e+20
2022-01-12 11:18:04.029019,1e+20
2022-01-12 11:19:08.766326,1e+20
2022-01-12 11:19:42.621631,1e+20
2022-01-12 11:21:20.684897,1e+20
2022-01-12 11:26:25.906784,1e+20
2022-01-12 11:27:58.772349,1e+20
2022-01-12 11:28:54.376784,1e+20
2022-01-12 13:01:00.406935,1e+20
2022-01-12 13:01:04.880015,1e+20
2022-01-12 13:01:49.560965,1e+20
2022-01-12 13:02:52.580328,1e+20
2022-01-12 13:06:38.450508,1e+20
2022-01-12 13:06:40.652146,1e+20
2022-01-12 13:08:56.742028,1e+20
2022-01-12 13:10:05.337680,1e+20
2022-01-12 13:10:58.405603,1e+20
2022-01-12 13:13:45.223879,1e+20
2022-01-12 13:13:47.659289,1e+20
2022-01-12 13:18:03.686720,1e+20
2022-01-12 13:20:12.274995,1e+20
2022-01-12 13:23:52.643155,1e+20
2022-01-12 13:25:04.731663,1e+20
2022-01-12 13:25:20.192890,1e+20
2022-01-12 13:26:12.493647,1e+20
2022-01-12 13:26:32.485105,1e+20
2022-01-12 13:26:57.079074,1e+20
2022-01-12 13:27:08.762311,1e+20
2022-01-12 13:27:19.915409,1e+20
2022-01-12 13:27:48.582272,1e+20
2022-01-12 13:28:28.689824,1e+20
2022-01-12 13:29:01.492556,1e+20
2022-01-12 13:29:57.400805,1e+20
2022-01-12 13:30:23.289577,1e+20
2022-01-12 13:31:44.686058,1e+20
2022-01-12 13:31:48.900989,1e+20
2022-01-12 13:32:07.253616,1e+20
2022-01-12 13:33:04.126302,1e+20
2022-01-12 13:34:03.598286,1e+20
2022-01-12 13:34:05.254841,1e+20
2022-01-12 13:38:54.551703,1e+20
2022-01-12 13:39:13.792760,1e+20
2022-01-12 13:40:12.812789,1e+20
2022-01-12 13:40:34.630587,1e+20
2022-01-12 13:42:05.775142,1e+20
2022-01-12 13:42:39.321437,1e+20
2022-01-12 13:42:52.574045,1e+20
2022-01-12 13:44:04.748285,1e+20
2022-01-12 13:44:10.963278,1e+20
2022-01-12 13:45:58.327576,1e+20
2022-01-12 13:46:02.499305,1e+20
2022-01-12 13:46:04.459665,1e+20
2022-01-12 13:46:38.584957,1e+20
2022-01-12 13:47:09.516206,1e+20
2022-01-12 13:49:04.452541,1e+20
2022-01-12 13:49:31.667157,1e+20
2022-01-12 13:49:39.103882,1e+20
2022-01-12 13:51:05.688965,1e+20
2022-01-12 13:51:08.780082,1e+20
2022-01-12 13:52:39.753457,1e+20
2022-01-12 13:53:29.197240,1e+20
2022-01-12 13:53:59.986262,1e+20
2022-01-12 13:55:25.570055,1e+20
2022-01-12 13:56:34.771230,1e+20
2022-01-12 13:57:42.478313,1e+20
2022-01-12 13:58:00.535866,1e+20
2022-01-12 13:58:03.617245,1e+20
2022-01-12 13:58:10.877947,1e+20
2022-01-12 13:59:33.916815,1e+20
2022-01-12 14:02:07.341237,1e+20
2022-01-12 14:03:57.692076,1e+20
2022-01-12 14:04:50.347859,1e+20
2022-01-12 14:05:18.112175,1e+20
2022-01-12 14:07:14.929909,1e+20
2022-01-12 14:07:28.221826,1e+20
2022-01-12 14:08:49.678580,1e+20
2022-01-12 14:10:07.095551,1e+20
2022-01-12 14:12:05.040455,1e+20
2022-01-12 14:12:09.631216,1e+20
2022-01-12 14:13:48.841017,1e+20
2022-01-12 14:13:53.957390,1e+20
2022-01-12 14:14:05.065013,1e+20
2022-01-12 14:14:10.308833,1e+20
2022-01-12 14:14:43.344645,1e+20
2022-01-12 14:14:48.407188,1e+20
2022-01-12 14:16:04.450633,1e+20
2022-01-12 14:18:34.523298,1e+20
2022-01-12 14:20:53.387580,1e+20
2022-01-12 14:23:44.232671,1e+20
2022-01-12 14:25:20.860375,1e+20
2022-01-12 14:25:57.818320,1e+20
2022-01-12 14:27:34.082109,1e+20
2022-01-12 14:28:04.884252,1e+20
2022-01-13 09:00:33.031019,1e+20
2022-01-13 09:01:09.226297,1e+20
2022-01-13 09:01:11.633513,1e+20
2022-01-13 09:01:23.125312,1e+20
2022-01-13 09:01:24.165566,1e+20
2022-01-13 09:01:30.098551,1e+20
2022-01-13 09:02:09.624125,1e+20
2022-01-13 09:06:10.976004,1e+20
2022-01-13 09:06:31.579843,1e+20
2022-01-13 09:07:04.051914,1e+20
2022-01-13 09:09:23.116154,1e+20
2022-01-13 09:11:02.372950,1e+20
2022-01-13 09:13:41.922666,1e+20
2022-01-13 09:15:29.779252,1e+20
2022-01-13 09:17:19.606213,1e+20
2022-01-13 09:17:45.326234,1e+20
2022-01-13 09:20:04.776377,1e+20
2022-01-13 09:20:17.386995,1e+20
2022-01-13 09:22:05.492887,1e+20
2022-01-13 09:25:09.174457,1e+20
2022-01-13 09:34:23.205755,1e+20
2022-01-13 09:38:05.716694,1e+20
2022-01-13 09:38:09.187573,1e+20
2022-01-13 09:46:27.400000,1e+20
2022-01-13 09:53:46.029598,1e+20
2022-01-13 09:56:01.761733,1e+20
2022-01-13 09:56:39.470436,1e+20
2022-01-13 09:58:15.043699,1e+20
2022-01-13 10:00:02.838588,1e+20
2022-01-13 10:02:05.981697,1e+20
2022-01-13 10:03:07.999655,1e+20
2022-01-13 10:03:27.716158,1e+20
2022-01-13 10:04:04.057831,1e+20
2022-01-13 10:05:13.348892,1e+20
2022-01-13 10:05:17.445110,1e+20
2022-01-13 10:07:31.049845,1e+20
2022-01-13 10:08:03.449513,1e+20
2022-01-13 10:13:49.480874,1e+20
2022-01-13 10:14:04.844629,1e+20
2022-01-13 10:21:53.760533,1e+20
2022-01-13 10:23:59.177817,1e+20
2022-01-13 10:28:31.825944,1e+20
2022-01-13 10:32:15.740286,1e+20
2022-01-13 10:34:04.221707,1e+20
2022-01-13 10:34:11.866386,1e+20
2022-01-13 10:34:47.870455,1e+20
2022-01-13 10:37:26.137642,1e+20
2022-01-13 10:44:03.168107,1e+20
2022-01-13 10:44:04.846787,1e+20
2022-01-13 10:44:51.612219,1e+20
2022-01-13 10:47:22.674593,1e+20
2022-01-13 10:48:18.027061,1e+20
2022-01-13 10:50:04.742395,1e+20
2022-01-13 10:52:14.641169,1e+20
2022-01-13 10:54:45.788932,1e+20
2022-01-13 10:59:08.228808,1e+20
2022-01-13 11:03:45.675492,1e+20
2022-01-13 11:04:06.810310,1e+20
2022-01-13 11:04:18.757251,1e+20
2022-01-13 11:07:28.048748,1e+20
2022-01-13 11:12:08.032288,1e+20
2022-01-13 11:12:28.250422,1e+20
2022-01-13 11:13:03.284268,1e+20
2022-01-13 11:14:18.444954,1e+20
2022-01-13 11:19:48.542871,1e+20
2022-01-13 11:19:50.587796,1e+20
2022-01-13 11:22:02.161541,1e+20
2022-01-13 11:23:45.957632,1e+20
2022-01-13 11:24:05.584509,1e+20
2022-01-13 11:24:17.969296,1e+20
2022-01-13 11:25:42.290290,1e+20
2022-01-13 11:26:04.102202,1e+20
2022-01-13 11:27:26.073551,1e+20
2022-01-13 13:00:43.940645,1e+20
2022-01-13 13:00:50.386063,1e+20
2022-01-13 13:01:36.193301,1e+20
2022-01-13 13:03:45.591235,1e+20
2022-01-13 13:14:23.792037,1e+20
2022-01-13 13:16:38.948956,1e+20
2022-01-13 13:17:18.932801,1e+20
2022-01-13 13:17:21.109806,1e+20
2022-01-13 13:17:36.796402,1e+20
2022-01-13 13:18:34.006917,1e+20
2022-01-13 13:18:38.275640,1e+20
2022-01-13 13:19:02.154325,1e+20
2022-01-13 13:19:58.321347,1e+20
2022-01-13 13:20:49.963502,1e+20
2022-01-13 13:24:03.781362,1e+20
2022-01-13 13:25:08.669577,1e+20
2022-01-13 13:25:12.804207,1e+20
2022-01-13 13:26:05.618595,1e+20
2022-01-13 13:29:01.931285,1e+20
2022-01-13 13:34:39.975029,1e+20
2022-01-13 13:35:13.819694,1e+20
2022-01-13 13:40:04.867653,1e+20
2022-01-13 13:40:04.988689,1e+20
2022-01-13 13:42:14.661731,1e+20
2022-01-13 13:42:16.673116,1e+20
2022-01-13 13:42:33.314184,1e+20
2022-01-13 13:44:44.968918,1e+20
2022-01-13 13:47:30.443069,1e+20
2022-01-13 13:47:32.485067,1e+20
2022-01-13 13:48:22.942715,1e+20
2022-01-13 13:49:05.056797,1e+20
2022-01-13 13:50:50.861536,1e+20
2022-01-13 13:51:30.938802,1e+20
2022-01-13 13:52:03.488332,1e+20
2022-01-13 13:53:06.447833,1e+20
2022-01-13 13:53:48.755051,1e+20
2022-01-13 13:54:05.573082,1e+20
2022-01-13 13:54:24.515255,1e+20
2022-01-13 13:55:04.100618,1e+20
2022-01-13 13:56:45.427344,1e+20
2022-01-13 13:57:15.004965,1e+20
2022-01-13 13:58:03.102117,1e+20
2022-01-13 13:58:15.543745,1e+20
2022-01-13 13:59:14.460667,1e+20
2022-01-13 14:02:04.670129,1e+20
2022-01-13 14:03:52.811051,1e+20
2022-01-13 14:03:55.165210,1e+20
2022-01-13 14:05:01.612575,1e+20
2022-01-13 14:05:04.468930,1e+20
2022-01-13 14:05:15.166912,1e+20
2022-01-13 14:05:29.613880,1e+20
2022-01-13 14:05:47.504853,1e+20
2022-01-13 14:05:53.196989,1e+20
2022-01-13 14:06:07.515098,1e+20
2022-01-13 14:08:48.009210,1e+20
2022-01-13 14:09:47.699393,1e+20
2022-01-13 14:10:05.150718,1e+20
2022-01-13 14:10:11.226132,1e+20
2022-01-13 14:11:05.888463,1e+20
2022-01-13 14:11:52.109150,1e+20
2022-01-13 14:12:02.455522,1e+20
2022-01-13 14:12:36.274305,1e+20
2022-01-13 14:13:04.364208,1e+20
2022-01-13 14:14:05.393273,1e+20
2022-01-13 14:14:16.984628,1e+20
2022-01-13 14:15:51.719602,1e+20
2022-01-13 14:18:16.658274,1e+20
2022-01-13 14:18:36.470476,1e+20
2022-01-13 14:18:46.564006,1e+20
2022-01-13 14:19:47.411185,1e+20
2022-01-13 14:21:04.112742,1e+20
2022-01-13 14:22:08.360361,1e+20
2022-01-13 14:25:29.034879,1e+20
2022-01-13 14:26:06.219785,1e+20
2022-01-13 14:27:08.836497,1e+20
2022-01-13 14:29:53.380744,1e+20
2022-01-14 09:01:46.812903,1e+20
2022-01-14 09:02:27.362477,1e+20
2022-01-14 09:02:50.235971,1e+20
2022-01-14 09:03:08.317691,1e+20
2022-01-14 09:12:02.611780,1e+20
2022-01-14 09:14:21.679941,1e+20
2022-01-14 09:16:39.918672,1e+20
2022-01-14 09:17:04.572239,1e+20
2022-01-14 09:17:05.212292,1e+20
2022-01-14 09:17:20.178247,1e+20
2022-01-14 09:17:21.170099,1e+20
2022-01-14 09:18:19.821627,1e+20
2022-01-14 09:18:59.983983,1e+20
2022-01-14 09:19:45.195412,1e+20
2022-01-14 09:19:51.458623,1e+20
2022-01-14 09:20:51.254793,1e+20
2022-01-14 09:23:05.599294,1e+20
2022-01-14 09:23:31.838538,1e+20
2022-01-14 09:23:51.393022,1e+20
2022-01-14 09:25:05.178902,1e+20
2022-01-14 09:26:05.995758,1e+20
2022-01-14 09:26:56.051498,1e+20
2022-01-14 09:32:05.932567,1e+20
2022-01-14 09:33:05.108378,1e+20
2022-01-14 09:34:33.341391,1e+20
2022-01-14 09:35:06.434025,1e+20
2022-01-14 09:37:04.424899,1e+20
2022-01-14 09:45:06.179926,1e+20
2022-01-14 09:48:00.042222,1e+20
2022-01-14 09:48:06.185911,1e+20
2022-01-14 09:48:23.941847,1e+20
2022-01-14 09:50:05.309889,1e+20
2022-01-14 09:53:07.690493,1e+20
2022-01-14 09:56:09.915844,1e+20
2022-01-14 09:59:11.439666,1e+20
2022-01-14 09:59:35.199307,1e+20
2022-01-14 10:01:42.086729,1e+20
2022-01-14 10:05:49.740397,1e+20
2022-01-14 10:15:11.920745,1e+20
2022-01-14 10:17:53.992551,1e+20
2022-01-14 10:22:41.975635,1e+20
2022-01-14 10:23:30.490694,1e+20
2022-01-14 10:31:13.632840,1e+20
2022-01-14 10:35:44.078451,1e+20
2022-01-14 10:36:04.639277,1e+20
2022-01-14 10:37:57.988727,1e+20
2022-01-14 10:38:27.672298,1e+20
2022-01-14 10:39:16.212788,1e+20
2022-01-14 10:41:32.166630,1e+20
2022-01-14 10:44:02.634949,1e+20
2022-01-14 10:44:10.146767,1e+20
2022-01-14 10:52:15.985904,1e+20
2022-01-14 10:56:06.037668,1e+20
2022-01-14 10:58:41.689703,1e+20
2022-01-14 10:59:21.843987,1e+20
2022-01-14 10:59:32.205356,1e+20
2022-01-14 11:01:55.688663,1e+20
2022-01-14 11:02:04.334388,1e+20
2022-01-14 11:04:15.873141,1e+20
2022-01-14 11:04:32.303442,1e+20
2022-01-14 11:05:30.151929,1e+20
2022-01-14 11:07:20.405072,1e+20
2022-01-14 11:07:46.250151,1e+20
2022-01-14 11:09:41.854336,1e+20
2022-01-14 11:10:28.200090,1e+20
2022-01-14 11:11:41.387178,1e+20
2022-01-14 11:11:54.006837,1e+20
2022-01-14 11:13:38.285959,1e+20
2022-01-14 11:14:33.448272,1e+20
2022-01-14 11:14:50.326427,1e+20
2022-01-14 11:17:13.877484,1e+20
2022-01-14 11:18:51.646992,1e+20
2022-01-14 11:25:22.397136,1e+20
2022-01-14 11:29:06.264491,1e+20
2022-01-14 13:00:10.310151,1e+20
2022-01-14 13:00:49.192087,1e+20
2022-01-14 13:03:48.260682,1e+20
2022-01-14 13:03:54.359792,1e+20
2022-01-14 13:04:24.278781,1e+20
2022-01-14 13:05:17.929036,1e+20
2022-01-14 13:13:38.337089,1e+20
2022-01-14 13:13:40.370070,1e+20
2022-01-14 13:13:42.351582,1e+20
2022-01-14 13:15:28.562346,1e+20
2022-01-14 13:17:15.674305,1e+20
2022-01-14 13:17:53.752808,1e+20
2022-01-14 13:18:29.035128,1e+20
2022-01-14 13:18:46.656419,1e+20
2022-01-14 13:18:48.736411,1e+20
2022-01-14 13:18:52.860081,1e+20
2022-01-14 13:19:04.812303,1e+20
2022-01-14 13:20:05.892639,1e+20
2022-01-14 13:20:52.284849,1e+20
2022-01-14 13:20:58.626254,1e+20
2022-01-14 13:21:02.320326,1e+20
2022-01-14 13:24:33.189319,1e+20
2022-01-14 13:29:24.284043,1e+20
2022-01-14 13:33:22.657537,1e+20
2022-01-14 13:34:38.500061,1e+20
2022-01-14 13:37:27.894675,1e+20
2022-01-14 13:39:06.237658,1e+20
2022-01-14 13:39:50.341677,1e+20
2022-01-14 13:43:05.231006,1e+20
2022-01-14 13:43:48.634151,1e+20
2022-01-14 13:44:09.129043,1e+20
2022-01-14 13:44:58.710729,1e+20
2022-01-14 13:52:02.997934,1e+20
2022-01-14 13:52:40.718383,1e+20
2022-01-14 13:58:50.546545,1e+20
2022-01-14 14:03:04.587236,1e+20
2022-01-14 14:03:14.777241,1e+20
2022-01-14 14:05:24.312328,1e+20
2022-01-14 14:06:30.215579,1e+20
2022-01-14 14:07:36.259660,1e+20
2022-01-14 14:09:56.239334,1e+20
2022-01-14 14:10:08.676469,1e+20
2022-01-14 14:12:18.388069,1e+20
2022-01-14 14:13:39.902684,1e+20
2022-01-14 14:15:37.398351,1e+20
2022-01-14 14:16:57.787157,1e+20
2022-01-14 14:17:47.308545,1e+20
2022-01-14 14:18:04.244432,1e+20
2022-01-14 14:18:29.635232,1e+20
2022-01-14 14:21:58.814750,1e+20
2022-01-14 14:24:18.040875,1e+20
2022-01-14 14:26:37.347590,1e+20
2022-01-14 14:27:04.226566,1e+20
2022-01-17 09:00:45.143423,1e+20
2022-01-17 09:01:17.339947,1e+20
2022-01-17 09:03:59.293498,1e+20
2022-01-17 09:04:11.277551,1e+20
2022-01-17 09:07:52.743642,1e+20
2022-01-17 09:11:16.723132,1e+20
2022-01-17 09:13:02.637353,1e+20
2022-01-17 09:17:46.867135,1e+20
2022-01-17 09:20:02.785863,1e+20
2022-01-17 09:27:12.864297,1e+20
2022-01-17 09:28:46.785855,1e+20
2022-01-17 09:29:49.325016,1e+20
2022-01-17 09:32:09.671295,1e+20
2022-01-17 09:33:38.507279,1e+20
2022-01-17 09:43:04.836080,1e+20
2022-01-17 09:44:04.287497,1e+20
2022-01-17 09:44:41.188466,1e+20
2022-01-17 09:47:25.122890,1e+20
2022-01-17 09:47:31.355876,1e+20
2022-01-17 09:47:40.456379,1e+20
2022-01-17 09:58:17.679094,1e+20
2022-01-17 10:00:27.255095,1e+20
2022-01-17 10:01:43.709987,1e+20
2022-01-17 10:07:04.650249,1e+20
2022-01-17 10:12:04.705413,1e+20
2022-01-17 10:13:05.243410,1e+20
2022-01-17 10:14:10.783462,1e+20
2022-01-17 10:15:13.863597,1e+20
2022-01-17 10:15:47.587695,1e+20
2022-01-17 10:16:02.485734,1e+20
2022-01-17 10:16:39.334143,1e+20
2022-01-17 10:17:40.272216,1e+20
2022-01-17 10:23:03.880020,1e+20
2022-01-17 10:24:40.599022,1e+20
2022-01-17 10:27:47.823751,1e+20
2022-01-17 10:31:47.681944,1e+20
2022-01-17 10:32:04.176214,1e+20
2022-01-17 10:32:54.571395,1e+20
2022-01-17 10:33:05.226936,1e+20
2022-01-17 10:33:07.055038,1e+20
2022-01-17 10:33:10.126275,1e+20
2022-01-17 10:33:42.117003,1e+20
2022-01-17 10:33:45.166452,1e+20
2022-01-17 10:34:22.603523,1e+20
2022-01-17 10:35:19.127082,1e+20
2022-01-17 10:36:55.010288,1e+20
2022-01-17 10:41:19.725142,1e+20
2022-01-17 10:42:23.468028,1e+20
2022-01-17 10:43:11.160505,1e+20
2022-01-17 10:44:44.805948,1e+20
2022-01-17 10:46:17.102738,1e+20
2022-01-17 10:47:21.246385,1e+20
2022-01-17 10:49:04.030727,1e+20
2022-01-17 10:50:54.308764,1e+20
2022-01-17 10:55:04.117666,1e+20
2022-01-17 10:55:45.925979,1e+20
2022-01-17 10:56:55.039257,1e+20
2022-01-17 10:57:05.076839,1e+20
2022-01-17 10:57:38.698625,1e+20
2022-01-17 10:58:03.656582,1e+20
2022-01-17 10:58:56.573424,1e+20
2022-01-17 10:59:05.680705,1e+20
2022-01-17 10:59:24.203258,1e+20
2022-01-17 11:00:05.833261,1e+20
2022-01-17 11:01:04.331805,1e+20
2022-01-17 11:01:56.414004,1e+20
2022-01-17 11:02:05.973866,1e+20
2022-01-17 11:02:56.417265,1e+20
2022-01-17 11:05:06.109164,1e+20
2022-01-17 11:06:03.987311,1e+20
2022-01-17 11:06:05.421043,1e+20
2022-01-17 11:09:59.760325,1e+20
2022-01-17 11:10:35.874048,1e+20
2022-01-17 11:12:21.753973,1e+20
2022-01-17 11:13:12.459136,1e+20
2022-01-17 11:13:19.537899,1e+20
2022-01-17 11:13:36.041654,1e+20
2022-01-17 11:16:04.407602,1e+20
2022-01-17 11:16:32.048364,1e+20
2022-01-17 11:19:03.280205,1e+20
2022-01-17 11:19:05.069040,1e+20
2022-01-17 11:19:51.472377,1e+20
2022-01-17 11:20:29.553805,1e+20
2022-01-17 11:21:30.020291,1e+20
2022-01-17 11:22:19.698652,1e+20
2022-01-17 11:23:46.203962,1e+20
2022-01-17 11:25:24.058749,1e+20
2022-01-17 11:26:42.286608,1e+20
2022-01-17 11:28:02.312416,1e+20
2022-01-17 13:00:53.641331,1e+20
2022-01-17 13:00:55.701808,1e+20
2022-01-17 13:00:57.302289,1e+20
2022-01-17 13:01:05.650513,1e+20
2022-01-17 13:02:35.443614,1e+20
2022-01-17 13:06:04.940486,1e+20
2022-01-17 13:07:54.592291,1e+20
2022-01-17 13:12:04.917355,1e+20
2022-01-17 13:15:43.285922,1e+20
2022-01-17 13:16:03.943421,1e+20
2022-01-17 13:18:09.431773,1e+20
2022-01-17 13:19:48.353624,1e+20
2022-01-17 13:19:52.583676,1e+20
2022-01-17 13:20:04.402119,1e+20
2022-01-17 13:20:41.388228,1e+20
2022-01-17 13:21:04.175351,1e+20
2022-01-17 13:21:19.987404,1e+20
2022-01-17 13:21:28.356019,1e+20
2022-01-17 13:21:32.473845,1e+20
2022-01-17 13:21:58.058415,1e+20
2022-01-17 13:22:03.933409,1e+20
2022-01-17 13:22:46.585706,1e+20
2022-01-17 13:23:14.289326,1e+20
2022-01-17 13:23:16.265477,1e+20
2022-01-17 13:24:02.970486,1e+20
2022-01-17 13:26:58.999964,1e+20
2022-01-17 13:29:06.546302,1e+20
2022-01-17 13:29:19.900930,1e+20
2022-01-17 13:29:46.726773,1e+20
2022-01-17 13:30:00.416608,1e+20
2022-01-17 13:30:06.173596,1e+20
2022-01-17 13:31:40.013647,1e+20
2022-01-17 13:32:05.242230,1e+20
2022-01-17 13:33:30.366268,1e+20
2022-01-17 13:33:34.716568,1e+20
2022-01-17 13:37:42.422738,1e+20
2022-01-17 13:41:05.030039,1e+20
2022-01-17 13:43:03.604385,1e+20
2022-01-17 13:43:30.744990,1e+20
2022-01-17 13:44:10.834025,1e+20
2022-01-17 13:44:27.151487,1e+20
2022-01-17 13:47:16.288260,1e+20
2022-01-17 13:47:57.489711,1e+20
2022-01-17 13:48:18.872007,1e+20
2022-01-17 13:48:42.815134,1e+20
2022-01-17 13:49:40.400586,1e+20
2022-01-17 13:50:29.881672,1e+20
2022-01-17 13:51:05.921657,1e+20
2022-01-17 13:53:06.219390,1e+20
2022-01-17 13:55:21.006872,1e+20
2022-01-17 13:56:05.924927,1e+20
2022-01-17 13:56:21.012377,1e+20
2022-01-17 13:56:44.574587,1e+20
2022-01-17 13:58:05.365929,1e+20
2022-01-17 14:01:14.382610,1e+20
2022-01-17 14:02:08.880764,1e+20
2022-01-17 14:02:35.754513,1e+20
2022-01-17 14:02:48.382259,1e+20
2022-01-17 14:03:22.286325,1e+20
2022-01-17 14:06:04.597986,1e+20
2022-01-17 14:07:16.254982,1e+20
2022-01-17 14:07:24.171715,1e+20
2022-01-17 14:09:05.020623,1e+20
2022-01-17 14:09:27.211761,1e+20
2022-01-17 14:11:04.533802,1e+20
2022-01-17 14:11:36.912339,1e+20
2022-01-17 14:11:40.006071,1e+20
2022-01-17 14:12:03.112067,1e+20
2022-01-17 14:12:32.449651,1e+20
2022-01-17 14:12:47.769028,1e+20
2022-01-17 14:17:06.566181,1e+20
2022-01-17 14:18:03.642770,1e+20
2022-01-17 14:18:03.952986,1e+20
2022-01-17 14:18:31.034456,1e+20
2022-01-17 14:20:04.395004,1e+20
2022-01-17 14:20:29.478936,1e+20
2022-01-17 14:21:25.087549,1e+20
2022-01-17 14:23:53.348705,1e+20
2022-01-17 14:24:21.062726,1e+20
2022-01-17 14:25:14.580636,1e+20
2022-01-17 14:26:06.040530,1e+20
2022-01-17 14:26:09.016904,1e+20
2022-01-17 14:26:12.289107,1e+20
2022-01-17 14:26:34.917251,1e+20
2022-01-17 14:27:03.936033,1e+20
2022-01-17 14:29:19.864877,1e+20
2022-01-17 14:29:34.027009,1e+20
2022-01-17 14:29:45.233969,1e+20
2022-01-18 09:00:53.392235,1e+20
2022-01-18 09:01:01.999581,1e+20
2022-01-18 09:01:23.320528,1e+20
2022-01-18 09:01:23.363446,1e+20
2022-01-18 09:01:24.218807,1e+20
2022-01-18 09:01:27.192521,1e+20
2022-01-18 09:01:28.795268,1e+20
2022-01-18 09:02:05.639631,1e+20
2022-01-18 09:08:05.355997,1e+20
2022-01-18 09:09:11.684021,1e+20
2022-01-18 09:09:31.395719,1e+20
2022-01-18 09:10:15.439651,1e+20
2022-01-18 09:11:29.525407,1e+20
2022-01-18 09:16:47.460539,1e+20
2022-01-18 09:17:59.794718,1e+20
2022-01-18 09:19:16.080949,1e+20
2022-01-18 09:19:33.345912,1e+20
2022-01-18 09:20:59.635599,1e+20
2022-01-18 09:22:37.281178,1e+20
2022-01-18 09:24:05.156529,1e+20
2022-01-18 09:24:06.940225,1e+20
2022-01-18 09:24:39.382573,1e+20
2022-01-18 09:25:19.591104,1e+20
2022-01-18 09:29:06.056970,1e+20
2022-01-18 09:30:49.496818,1e+20
2022-01-18 09:33:03.240236,1e+20
2022-01-18 09:39:04.646257,1e+20
2022-01-18 09:39:17.561081,1e+20
2022-01-18 09:40:05.993047,1e+20
2022-01-18 09:40:48.077818,1e+20
2022-01-18 09:43:03.787338,1e+20
2022-01-18 09:44:13.796417,1e+20
2022-01-18 09:44:17.803082,1e+20
2022-01-18 09:46:05.376700,1e+20
2022-01-18 09:47:36.325604,1e+20
2022-01-18 09:47:39.393458,1e+20
2022-01-18 09:48:33.923091,1e+20
2022-01-18 09:48:56.491148,1e+20
2022-01-18 09:49:04.048338,1e+20
2022-01-18 09:52:04.653615,1e+20
2022-01-18 09:55:04.464564,1e+20
2022-01-18 09:55:13.674492,1e+20
2022-01-18 09:57:04.148423,1e+20
2022-01-18 09:58:59.845440,1e+20
2022-01-18 09:59:13.889005,1e+20
2022-01-18 10:01:53.325666,1e+20
2022-01-18 10:02:24.296384,1e+20
2022-01-18 10:04:04.026936,1e+20
2022-01-18 10:05:09.962584,1e+20
2022-01-18 10:08:18.043995,1e+20
2022-01-18 10:09:05.330859,1e+20
2022-01-18 10:09:25.851522,1e+20
2022-01-18 10:10:14.298772,1e+20
2022-01-18 10:11:57.993459,1e+20
2022-01-18 10:12:36.271687,1e+20
2022-01-18 10:13:03.839616,1e+20
2022-01-18 10:14:03.534280,1e+20
2022-01-18 10:16:02.718987,1e+20
2022-01-18 10:16:04.618236,1e+20
2022-01-18 10:16:33.985385,1e+20
2022-01-18 10:17:53.057215,1e+20
2022-01-18 10:18:49.827163,1e+20
2022-01-18 10:20:27.745877,1e+20
2022-01-18 10:21:03.824627,1e+20
2022-01-18 10:23:04.499100,1e+20
2022-01-18 10:23:46.249753,1e+20
2022-01-18 10:25:00.468256,1e+20
2022-01-18 10:25:17.888037,1e+20
2022-01-18 10:26:04.183510,1e+20
2022-01-18 10:26:05.621843,1e+20
2022-01-18 10:28:04.526687,1e+20
2022-01-18 10:33:15.780490,1e+20
2022-01-18 10:39:19.402607,1e+20
2022-01-18 10:40:38.655481,1e+20
2022-01-18 10:40:54.118446,1e+20
2022-01-18 10:45:41.148915,1e+20
2022-01-18 10:49:24.192530,1e+20
2022-01-18 10:50:30.001116,1e+20
2022-01-18 10:51:02.441153,1e+20
2022-01-18 10:51:46.177620,1e+20
2022-01-18 10:51:48.216850,1e+20
2022-01-18 10:52:03.780232,1e+20
2022-01-18 10:52:24.050365,1e+20
2022-01-18 10:53:29.002788,1e+20
2022-01-18 10:53:50.555491,1e+20
2022-01-18 10:55:05.693046,1e+20
2022-01-18 10:55:06.551880,1e+20
2022-01-18 10:55:38.459894,1e+20
2022-01-18 10:56:08.352971,1e+20
2022-01-18 10:56:28.965960,1e+20
2022-01-18 10:56:36.217469,1e+20
2022-01-18 11:02:03.049856,1e+20
2022-01-18 11:02:13.593899,1e+20
2022-01-18 11:02:48.532840,1e+20
2022-01-18 11:03:30.757567,1e+20
2022-01-18 11:05:24.896056,1e+20
2022-01-18 11:07:25.189192,1e+20
2022-01-18 11:07:27.240218,1e+20
2022-01-18 11:07:38.603676,1e+20
2022-01-18 11:21:08.498832,1e+20
2022-01-18 11:22:07.125712,1e+20
2022-01-18 11:26:03.803496,1e+20
2022-01-18 11:29:25.441373,1e+20
2022-01-18 11:29:27.217092,1e+20
2022-01-18 13:00:32.695393,1e+20
2022-01-18 13:03:28.552360,1e+20
2022-01-18 13:09:51.001949,1e+20
2022-01-18 13:10:52.674521,1e+20
2022-01-18 13:11:02.414357,1e+20
2022-01-18 13:13:20.867470,1e+20
2022-01-18 13:16:47.381216,1e+20
2022-01-18 13:18:03.263580,1e+20
2022-01-18 13:18:05.117877,1e+20
2022-01-18 13:18:46.997796,1e+20
2022-01-18 13:19:14.684933,1e+20
2022-01-18 13:20:04.230995,1e+20
2022-01-18 13:22:42.510248,1e+20
2022-01-18 13:25:17.708091,1e+20
2022-01-18 13:26:36.084904,1e+20
2022-01-18 13:28:10.596996,1e+20
2022-01-18 13:28:12.863930,1e+20
2022-01-18 13:31:37.312914,1e+20
2022-01-18 13:32:48.171769,1e+20
2022-01-18 13:35:49.173354,1e+20
2022-01-18 13:35:51.421439,1e+20
2022-01-18 13:36:04.637393,1e+20
2022-01-18 13:37:06.440250,1e+20
2022-01-18 13:38:31.703922,1e+20
2022-01-18 13:38:58.016001,1e+20
2022-01-18 13:40:05.796904,1e+20
2022-01-18 13:41:29.761060,1e+20
2022-01-18 13:41:51.364398,1e+20
2022-01-18 13:43:58.354367,1e+20
2022-01-18 13:44:35.986749,1e+20
2022-01-18 13:45:36.804677,1e+20
2022-01-18 13:45:56.555897,1e+20
2022-01-18 13:46:01.706009,1e+20
2022-01-18 13:46:48.975296,1e+20
2022-01-18 13:48:52.394777,1e+20
2022-01-18 13:50:03.014289,1e+20
2022-01-18 13:51:07.008333,1e+20
2022-01-18 13:54:39.078064,1e+20
2022-01-18 13:56:57.027399,1e+20
2022-01-18 13:57:54.464292,1e+20
2022-01-18 13:58:54.074687,1e+20
2022-01-18 13:59:58.861976,1e+20
2022-01-18 14:01:05.902601,1e+20
2022-01-18 14:02:25.020194,1e+20
2022-01-18 14:02:35.197932,1e+20
2022-01-18 14:03:34.898072,1e+20
2022-01-18 14:04:02.853965,1e+20
2022-01-18 14:04:18.265132,1e+20
2022-01-18 14:05:03.760864,1e+20
2022-01-18 14:07:44.007551,1e+20
2022-01-18 14:10:05.799348,1e+20
2022-01-18 14:11:25.032695,1e+20
2022-01-18 14:11:54.983740,1e+20
2022-01-18 14:12:08.223951,1e+20
2022-01-18 14:13:03.870966,1e+20
2022-01-18 14:14:02.827566,1e+20
2022-01-18 14:17:16.605869,1e+20
2022-01-18 14:18:05.332319,1e+20
2022-01-18 14:19:57.156972,1e+20
2022-01-18 14:22:31.433451,1e+20
2022-01-18 14:22:47.981901,1e+20
2022-01-18 14:23:26.833525,1e+20
2022-01-18 14:27:10.423356,1e+20
2022-01-18 14:27:39.798357,1e+20
2022-01-19 09:00:50.898378,1e+20
2022-01-19 09:00:59.080584,1e+20
2022-01-19 09:01:07.187543,1e+20
2022-01-19 09:01:36.067596,1e+20
2022-01-19 09:04:35.606008,1e+20
2022-01-19 09:05:11.496139,1e+20
2022-01-19 09:07:59.568322,1e+20
2022-01-19 09:12:03.876330,1e+20
2022-01-19 09:13:05.157394,1e+20
2022-01-19 09:16:35.223077,1e+20
2022-01-19 09:16:54.100426,1e+20
2022-01-19 09:18:02.982956,1e+20
2022-01-19 09:21:03.565019,1e+20
2022-01-19 09:21:49.475236,1e+20
2022-01-19 09:24:14.127784,1e+20
2022-01-19 09:25:04.983875,1e+20
2022-01-19 09:28:04.508069,1e+20
2022-01-19 09:29:04.880364,1e+20
2022-01-19 09:30:05.905165,1e+20
2022-01-19 09:36:19.784452,1e+20
2022-01-19 09:37:04.588438,1e+20
2022-01-19 09:40:05.267281,1e+20
2022-01-19 09:40:13.680056,1e+20
2022-01-19 09:40:17.803035,1e+20
2022-01-19 09:41:27.882466,1e+20
2022-01-19 09:41:36.097739,1e+20
2022-01-19 09:42:49.204583,1e+20
2022-01-19 09:43:55.451236,1e+20
2022-01-19 09:45:06.576694,1e+20
2022-01-19 09:45:54.200734,1e+20
2022-01-19 09:46:04.669141,1e+20
2022-01-19 09:46:35.562870,1e+20
2022-01-19 09:48:44.493482,1e+20
2022-01-19 09:55:23.786554,1e+20
2022-01-19 09:56:44.285362,1e+20
2022-01-19 10:00:28.035174,1e+20
2022-01-19 10:05:06.521344,1e+20
2022-01-19 10:12:52.082766,1e+20
2022-01-19 10:20:40.462111,1e+20
2022-01-19 10:22:47.858761,1e+20
2022-01-19 10:23:05.804647,1e+20
2022-01-19 10:23:19.825197,1e+20
2022-01-19 10:30:04.528884,1e+20
2022-01-19 10:33:32.394394,1e+20
2022-01-19 10:34:04.203845,1e+20
2022-01-19 10:41:08.486819,1e+20
2022-01-19 10:42:05.386626,1e+20
2022-01-19 10:42:38.152377,1e+20
2022-01-19 10:43:23.698141,1e+20
2022-01-19 10:47:19.113033,1e+20
2022-01-19 10:48:07.337560,1e+20
2022-01-19 10:49:04.623810,1e+20
2022-01-19 10:49:38.347162,1e+20
2022-01-19 10:52:01.869617,1e+20
2022-01-19 10:52:14.555330,1e+20
2022-01-19 10:53:05.881334,1e+20
2022-01-19 10:55:38.485491,1e+20
2022-01-19 10:58:26.823324,1e+20
2022-01-19 11:00:03.746147,1e+20
2022-01-19 11:02:50.652108,1e+20
2022-01-19 11:09:46.234281,1e+20
2022-01-19 11:10:18.204183,1e+20
2022-01-19 11:10:50.360190,1e+20
2022-01-19 11:10:52.404083,1e+20
2022-01-19 11:12:28.557503,1e+20
2022-01-19 11:13:10.788130,1e+20
2022-01-19 11:13:32.305011,1e+20
2022-01-19 11:16:13.307111,1e+20
2022-01-19 11:16:54.617943,1e+20
2022-01-19 11:17:10.681962,1e+20
2022-01-19 11:17:28.639470,1e+20
2022-01-19 11:19:34.625164,1e+20
2022-01-19 11:21:52.723286,1e+20
2022-01-19 11:23:04.174400,1e+20
2022-01-19 11:26:42.476669,1e+20
2022-01-19 11:27:04.434779,1e+20
2022-01-19 11:27:56.094568,1e+20
2022-01-19 11:29:22.520401,1e+20
2022-01-19 11:29:48.301279,1e+20
2022-01-19 11:29:50.315979,1e+20
2022-01-19 13:00:32.839562,1e+20
2022-01-19 13:00:35.765737,1e+20
2022-01-19 13:00:36.564793,1e+20
2022-01-19 13:00:42.084499,1e+20
2022-01-19 13:00:46.668543,1e+20
2022-01-19 13:00:50.891933,1e+20
2022-01-19 13:06:38.442121,1e+20
2022-01-19 13:08:52.492408,1e+20
2022-01-19 13:09:11.077011,1e+20
2022-01-19 13:10:03.403767,1e+20
2022-01-19 13:10:49.079395,1e+20
2022-01-19 13:10:51.093163,1e+20
2022-01-19 13:14:09.785864,1e+20
2022-01-19 13:14:45.359873,1e+20
2022-01-19 13:15:03.119950,1e+20
2022-01-19 13:17:05.268247,1e+20
2022-01-19 13:18:56.278421,1e+20
2022-01-19 13:25:48.662221,1e+20
2022-01-19 13:26:23.796176,1e+20
2022-01-19 13:31:33.213918,1e+20
2022-01-19 13:32:09.400245,1e+20
2022-01-19 13:32:17.403066,1e+20
2022-01-19 13:35:04.735438,1e+20
2022-01-19 13:35:08.923847,1e+20
2022-01-19 13:38:06.862263,1e+20
2022-01-19 13:39:49.456069,1e+20
2022-01-19 13:42:30.378682,1e+20
2022-01-19 13:43:28.111723,1e+20
2022-01-19 13:45:31.842418,1e+20
2022-01-19 13:47:18.157732,1e+20
2022-01-19 13:48:05.619444,1e+20
2022-01-19 13:49:04.948094,1e+20
2022-01-19 13:58:03.365755,1e+20
2022-01-19 14:01:39.241384,1e+20
2022-01-19 14:01:44.554729,1e+20
2022-01-19 14:06:06.159794,1e+20
2022-01-19 14:06:30.101215,1e+20
2022-01-19 14:06:35.189657,1e+20
2022-01-19 14:07:19.648581,1e+20
2022-01-19 14:13:17.559171,1e+20
2022-01-19 14:13:58.723378,1e+20
2022-01-19 14:14:07.204131,1e+20
2022-01-19 14:15:07.149145,1e+20
2022-01-19 14:16:03.452738,1e+20
2022-01-19 14:17:17.011013,1e+20
2022-01-19 14:19:40.527597,1e+20
2022-01-19 14:20:55.732480,1e+20
2022-01-19 14:21:01.246698,1e+20
2022-01-20 09:01:13.326248,1e+20
2022-01-20 09:02:48.089020,1e+20
2022-01-20 09:04:15.324561,1e+20
2022-01-20 09:05:06.603970,1e+20
2022-01-20 09:07:59.749638,1e+20
2022-01-20 09:17:06.240036,1e+20
2022-01-20 09:21:21.259773,1e+20
2022-01-20 09:21:29.396564,1e+20
2022-01-20 09:25:05.186370,1e+20
2022-01-20 09:30:55.199227,1e+20
2022-01-20 09:33:06.258132,1e+20
2022-01-20 09:34:13.495034,1e+20
2022-01-20 09:38:34.044409,1e+20
2022-01-20 09:39:49.987733,1e+20
2022-01-20 09:41:00.014777,1e+20
2022-01-20 09:41:15.639939,1e+20
2022-01-20 09:41:51.264953,1e+20
2022-01-20 09:44:12.056509,1e+20
2022-01-20 09:48:03.500657,1e+20
2022-01-20 09:49:02.632444,1e+20
2022-01-20 09:49:45.404637,1e+20
2022-01-20 09:57:11.621165,1e+20
2022-01-20 10:01:30.155558,1e+20
2022-01-20 10:11:47.929301,1e+20
2022-01-20 10:14:39.820886,1e+20
2022-01-20 10:18:42.197914,1e+20
2022-01-20 10:19:08.372221,1e+20
2022-01-20 10:23:22.042593,1e+20
2022-01-20 10:23:45.665724,1e+20
2022-01-20 10:25:33.771545,1e+20
2022-01-20 10:26:27.367166,1e+20
2022-01-20 10:31:57.989313,1e+20
2022-01-20 10:33:21.609999,1e+20
2022-01-20 10:33:45.396805,1e+20
2022-01-20 10:34:03.998281,1e+20
2022-01-20 10:35:02.867373,1e+20
2022-01-20 10:41:22.431761,1e+20
2022-01-20 10:46:03.414856,1e+20
2022-01-20 10:51:34.347971,1e+20
2022-01-20 10:54:54.474301,1e+20
2022-01-20 10:55:06.510228,1e+20
2022-01-20 10:56:42.419940,1e+20
2022-01-20 10:58:08.114519,1e+20
2022-01-20 10:58:14.354784,1e+20
2022-01-20 11:00:03.582545,1e+20
2022-01-20 11:03:41.717031,1e+20
2022-01-20 11:04:51.979120,1e+20
2022-01-20 11:05:14.508571,1e+20
2022-01-20 11:16:04.474896,1e+20
2022-01-20 11:23:50.674403,1e+20
2022-01-20 11:27:52.530740,1e+20
2022-01-20 13:05:56.438356,1e+20
2022-01-20 13:08:01.524600,1e+20
2022-01-20 13:11:03.615785,1e+20
2022-01-20 13:12:05.966573,1e+20
2022-01-20 13:15:19.799450,1e+20
2022-01-20 13:17:08.110682,1e+20
2022-01-20 13:20:10.160115,1e+20
2022-01-20 13:20:32.175350,1e+20
2022-01-20 13:24:44.166596,1e+20
2022-01-20 13:27:05.672337,1e+20
2022-01-20 13:27:25.809178,1e+20
2022-01-20 13:30:16.747941,1e+20
2022-01-20 13:36:02.826390,1e+20
2022-01-20 13:37:20.930157,1e+20
2022-01-20 13:38:26.464352,1e+20
2022-01-20 13:40:52.785978,1e+20
2022-01-20 13:44:09.346563,1e+20
2022-01-20 13:49:28.694014,1e+20
2022-01-20 13:54:44.806493,1e+20
2022-01-20 13:58:52.843619,1e+20
2022-01-20 14:01:08.771740,1e+20
2022-01-20 14:02:20.849565,1e+20
2022-01-20 14:03:26.848609,1e+20
2022-01-20 14:04:47.165602,1e+20
2022-01-20 14:05:03.803011,1e+20
2022-01-20 14:06:37.254683,1e+20
2022-01-20 14:08:19.307115,1e+20
2022-01-20 14:09:23.129899,1e+20
2022-01-20 14:09:54.921495,1e+20
2022-01-20 14:10:04.096136,1e+20
2022-01-20 14:12:04.592264,1e+20
2022-01-20 14:16:08.902006,1e+20
2022-01-20 14:18:11.316238,1e+20
2022-01-20 14:19:40.813963,1e+20
2022-01-20 14:20:04.659704,1e+20
2022-01-20 14:21:10.307463,1e+20
2022-01-20 14:21:36.188422,1e+20
2022-01-20 14:22:55.461624,1e+20
2022-01-20 14:23:14.273745,1e+20
2022-01-20 14:24:42.791281,1e+20
2022-01-20 14:26:04.392236,1e+20
2022-01-20 14:28:01.416286,1e+20
2022-01-20 14:29:05.256000,1e+20
2022-01-20 14:29:47.261480,1e+20
2022-01-20 14:29:54.639170,1e+20
2022-01-21 09:01:16.480505,1e+20
2022-01-21 09:01:28.614540,1e+20
2022-01-21 09:05:04.185565,1e+20
2022-01-21 09:14:14.022148,1e+20
2022-01-21 09:14:59.240234,1e+20
2022-01-21 09:18:19.019229,1e+20
2022-01-21 09:20:13.016028,1e+20
2022-01-21 09:20:38.146717,1e+20
2022-01-21 09:21:33.852647,1e+20
2022-01-21 09:22:04.446545,1e+20
2022-01-21 09:24:11.043975,1e+20
2022-01-21 09:28:49.112926,1e+20
2022-01-21 09:29:19.995166,1e+20
2022-01-21 09:29:25.030381,1e+20
2022-01-21 09:39:04.326946,1e+20
2022-01-21 09:45:04.452002,1e+20
2022-01-21 09:45:04.720401,1e+20
2022-01-21 09:45:27.749996,1e+20
2022-01-21 09:45:37.914982,1e+20
2022-01-21 10:05:31.572416,1e+20
2022-01-21 10:07:09.535070,1e+20
2022-01-21 10:19:05.269777,1e+20
2022-01-21 10:22:29.251123,1e+20
2022-01-21 10:22:47.563673,1e+20
2022-01-21 10:24:26.268691,1e+20
2022-01-21 10:24:41.763883,1e+20
2022-01-21 10:25:04.990666,1e+20
2022-01-21 10:28:53.830419,1e+20
2022-01-21 10:31:41.624784,1e+20
2022-01-21 10:31:45.946989,1e+20
2022-01-21 10:32:10.572510,1e+20
2022-01-21 10:33:54.865082,1e+20
2022-01-21 10:34:17.694886,1e+20
2022-01-21 10:38:36.175939,1e+20
2022-01-21 10:39:05.551031,1e+20
2022-01-21 10:42:49.984492,1e+20
2022-01-21 10:45:20.123564,1e+20
2022-01-21 10:45:43.909010,1e+20
2022-01-21 10:48:24.821232,1e+20
2022-01-21 10:54:54.434824,1e+20
2022-01-21 10:56:30.125424,1e+20
2022-01-21 10:57:10.198791,1e+20
2022-01-21 10:57:19.598435,1e+20
2022-01-21 10:57:43.332826,1e+20
2022-01-21 10:58:03.979343,1e+20
2022-01-21 11:00:05.438637,1e+20
2022-01-21 11:01:03.993986,1e+20
2022-01-21 11:01:30.878427,1e+20
2022-01-21 11:01:44.171194,1e+20
2022-01-21 11:01:57.606113,1e+20
2022-01-21 11:02:43.757510,1e+20
2022-01-21 11:08:03.550555,1e+20
2022-01-21 11:10:18.095842,1e+20
2022-01-21 11:14:05.191305,1e+20
2022-01-21 11:15:32.370266,1e+20
2022-01-21 11:16:00.218837,1e+20
2022-01-21 11:16:40.607889,1e+20
2022-01-21 11:17:08.357111,1e+20
2022-01-21 11:27:02.144191,1e+20
2022-01-21 11:27:53.528367,1e+20
2022-01-21 13:00:40.644779,1e+20
2022-01-21 13:05:04.158070,1e+20
2022-01-21 13:05:06.360579,1e+20
2022-01-21 13:05:08.652754,1e+20
2022-01-21 13:06:12.370348,1e+20
2022-01-21 13:06:23.458293,1e+20
2022-01-21 13:06:25.476768,1e+20
2022-01-21 13:08:02.602311,1e+20
2022-01-21 13:08:04.227976,1e+20
2022-01-21 13:08:13.726707,1e+20
2022-01-21 13:08:40.415182,1e+20
2022-01-21 13:10:10.012022,1e+20
2022-01-21 13:11:05.025537,1e+20
2022-01-21 13:11:19.942736,1e+20
2022-01-21 13:12:21.102456,1e+20
2022-01-21 13:13:14.526236,1e+20
2022-01-21 13:13:32.032821,1e+20
2022-01-21 13:14:14.242391,1e+20
2022-01-21 13:19:04.748740,1e+20
2022-01-21 13:20:34.502493,1e+20
2022-01-21 13:21:06.512789,1e+20
2022-01-21 13:21:10.608243,1e+20
2022-01-21 13:23:00.040895,1e+20
2022-01-21 13:23:48.271458,1e+20
2022-01-21 13:24:48.000709,1e+20
2022-01-21 13:28:28.546685,1e+20
2022-01-21 13:28:30.695980,1e+20
2022-01-21 13:30:30.243115,1e+20
2022-01-21 13:33:26.435931,1e+20
2022-01-21 13:33:43.105723,1e+20
2022-01-21 13:37:03.068985,1e+20
2022-01-21 13:38:30.358673,1e+20
2022-01-21 13:38:32.578143,1e+20
2022-01-21 13:38:38.706642,1e+20
2022-01-21 13:38:40.773528,1e+20
2022-01-21 13:39:05.087832,1e+20
2022-01-21 13:40:00.143779,1e+20
2022-01-21 13:40:16.789028,1e+20
2022-01-21 13:42:14.221034,1e+20
2022-01-21 13:45:04.276084,1e+20
2022-01-21 13:45:11.369348,1e+20
2022-01-21 13:45:15.492984,1e+20
2022-01-21 13:45:34.268017,1e+20
2022-01-21 13:46:04.554475,1e+20
2022-01-21 13:47:34.434418,1e+20
2022-01-21 13:47:36.662863,1e+20
2022-01-21 13:47:38.517594,1e+20
2022-01-21 13:48:04.896190,1e+20
2022-01-21 13:49:03.917053,1e+20
2022-01-21 13:51:11.603242,1e+20
2022-01-21 13:51:41.535685,1e+20
2022-01-21 13:51:54.761238,1e+20
2022-01-21 13:52:03.392859,1e+20
2022-01-21 13:52:49.416125,1e+20
2022-01-21 13:53:57.239900,1e+20
2022-01-21 13:54:18.973469,1e+20
2022-01-21 13:57:30.512565,1e+20
2022-01-21 14:00:44.324442,1e+20
2022-01-21 14:00:48.561758,1e+20
2022-01-21 14:01:03.656456,1e+20
2022-01-21 14:02:04.907964,1e+20
2022-01-21 14:02:24.442944,1e+20
2022-01-21 14:03:59.168902,1e+20
2022-01-21 14:04:33.444288,1e+20
2022-01-21 14:05:48.303875,1e+20
2022-01-21 14:06:10.990110,1e+20
2022-01-21 14:08:14.634387,1e+20
2022-01-21 14:09:04.908973,1e+20
2022-01-21 14:10:19.241435,1e+20
2022-01-21 14:11:06.675339,1e+20
2022-01-21 14:19:46.318299,1e+20
2022-01-21 14:20:03.779201,1e+20
2022-01-21 14:20:07.821067,1e+20
2022-01-21 14:20:16.333978,1e+20
2022-01-21 14:21:04.618729,1e+20
2022-01-21 14:25:49.968297,1e+20
2022-01-21 14:28:35.120554,1e+20
2022-01-24 09:01:01.640476,1e+20
2022-01-24 09:01:03.340426,1e+20
2022-01-24 09:01:10.221825,1e+20
2022-01-24 09:01:48.823363,1e+20
2022-01-24 09:02:36.608870,1e+20
2022-01-24 09:13:04.061272,1e+20
2022-01-24 09:15:50.908598,1e+20
2022-01-24 09:16:03.548488,1e+20
2022-01-24 09:21:36.957846,1e+20
2022-01-24 09:24:04.583151,1e+20
2022-01-24 09:24:04.889310,1e+20
2022-01-24 09:24:12.920619,1e+20
2022-01-24 09:24:37.286626,1e+20
2022-01-24 09:26:04.817036,1e+20
2022-01-24 09:27:01.884655,1e+20
2022-01-24 09:29:04.492854,1e+20
2022-01-24 09:29:43.228297,1e+20
2022-01-24 09:32:43.171873,1e+20
2022-01-24 09:35:05.057078,1e+20
2022-01-24 09:36:03.635693,1e+20
2022-01-24 09:36:07.233198,1e+20
2022-01-24 09:37:05.210496,1e+20
2022-01-24 09:41:55.295072,1e+20
2022-01-24 09:44:07.565881,1e+20
2022-01-24 09:45:04.232760,1e+20
2022-01-24 09:50:04.080225,1e+20
2022-01-24 09:51:16.944362,1e+20
2022-01-24 09:52:04.670961,1e+20
2022-01-24 09:53:17.296678,1e+20
2022-01-24 09:54:11.524916,1e+20
2022-01-24 09:54:57.340850,1e+20
2022-01-24 09:55:23.021245,1e+20
2022-01-24 09:56:33.236959,1e+20
2022-01-24 09:57:05.838656,1e+20
2022-01-24 09:57:52.910795,1e+20
2022-01-24 09:58:31.585039,1e+20
2022-01-24 09:58:59.274442,1e+20
2022-01-24 10:02:27.586005,1e+20
2022-01-24 10:04:09.483752,1e+20
2022-01-24 10:08:05.604748,1e+20
2022-01-24 10:14:04.037885,1e+20
2022-01-24 10:16:03.851560,1e+20
2022-01-24 10:20:37.424223,1e+20
2022-01-24 10:21:11.006091,1e+20
2022-01-24 10:25:02.301233,1e+20
2022-01-24 10:25:49.841836,1e+20
2022-01-24 10:28:04.493772,1e+20
2022-01-24 10:30:29.683745,1e+20
2022-01-24 10:32:35.248026,1e+20
2022-01-24 10:36:11.594130,1e+20
2022-01-24 10:36:19.722845,1e+20
2022-01-24 10:40:19.735576,1e+20
2022-01-24 10:43:50.141108,1e+20
2022-01-24 10:46:35.691261,1e+20
2022-01-24 10:46:56.036009,1e+20
2022-01-24 10:48:05.585092,1e+20
2022-01-24 10:48:45.547125,1e+20
2022-01-24 10:49:05.973285,1e+20
2022-01-24 10:56:04.368136,1e+20
2022-01-24 10:56:17.741127,1e+20
2022-01-24 10:56:45.274781,1e+20
2022-01-24 10:58:27.480819,1e+20
2022-01-24 10:58:39.673255,1e+20
2022-01-24 10:59:00.061067,1e+20
2022-01-24 10:59:41.895275,1e+20
2022-01-24 10:59:57.339428,1e+20
2022-01-24 11:00:23.862907,1e+20
2022-01-24 11:05:20.205810,1e+20
2022-01-24 11:10:03.039732,1e+20
2022-01-24 11:10:12.208231,1e+20
2022-01-24 11:17:04.960855,1e+20
2022-01-24 11:25:30.171475,1e+20
2022-01-24 13:00:26.509179,1e+20
2022-01-24 13:01:01.687212,1e+20
2022-01-24 13:01:06.270427,1e+20
2022-01-24 13:01:34.351325,1e+20
2022-01-24 13:03:06.211770,1e+20
2022-01-24 13:06:05.313429,1e+20
2022-01-24 13:07:56.216394,1e+20
2022-01-24 13:08:00.110847,1e+20
2022-01-24 13:09:23.852534,1e+20
2022-01-24 13:10:57.988240,1e+20
2022-01-24 13:11:03.365394,1e+20
2022-01-24 13:12:33.809755,1e+20
2022-01-24 13:12:44.004175,1e+20
2022-01-24 13:12:46.015747,1e+20
2022-01-24 13:13:03.792353,1e+20
2022-01-24 13:13:36.156269,1e+20
2022-01-24 13:13:38.202414,1e+20
2022-01-24 13:14:18.016147,1e+20
2022-01-24 13:15:08.246239,1e+20
2022-01-24 13:18:05.125685,1e+20
2022-01-24 13:18:05.300266,1e+20
2022-01-24 13:19:55.673305,1e+20
2022-01-24 13:23:06.157471,1e+20
2022-01-24 13:26:16.548143,1e+20
2022-01-24 13:27:03.004685,1e+20
2022-01-24 13:28:32.047367,1e+20
2022-01-24 13:29:17.945502,1e+20
2022-01-24 13:30:39.797707,1e+20
2022-01-24 13:33:03.989207,1e+20
2022-01-24 13:34:03.104145,1e+20
2022-01-24 13:35:56.173074,1e+20
2022-01-24 13:36:48.331261,1e+20
2022-01-24 13:38:32.555461,1e+20
2022-01-24 13:39:20.581527,1e+20
2022-01-24 13:40:04.478371,1e+20
2022-01-24 13:41:24.028914,1e+20
2022-01-24 13:42:26.370544,1e+20
2022-01-24 13:43:28.590825,1e+20
2022-01-24 13:44:03.828776,1e+20
2022-01-24 13:46:54.680398,1e+20
2022-01-24 13:47:11.106337,1e+20
2022-01-24 13:51:48.434735,1e+20
2022-01-24 13:53:51.031009,1e+20
2022-01-24 13:54:14.387109,1e+20
2022-01-24 13:54:32.792006,1e+20
2022-01-24 13:55:12.637553,1e+20
2022-01-24 13:56:50.655646,1e+20
2022-01-24 13:59:03.962901,1e+20
2022-01-24 14:00:04.059653,1e+20
2022-01-24 14:04:16.744730,1e+20
2022-01-24 14:09:48.370999,1e+20
2022-01-24 14:10:03.910639,1e+20
2022-01-24 14:11:15.244004,1e+20
2022-01-24 14:12:20.673429,1e+20
2022-01-24 14:13:49.180820,1e+20
2022-01-24 14:17:17.646747,1e+20
2022-01-24 14:17:24.978718,1e+20
2022-01-24 14:19:15.955879,1e+20
2022-01-24 14:19:26.384764,1e+20
2022-01-24 14:19:47.872592,1e+20
2022-01-24 14:19:58.021892,1e+20
2022-01-24 14:21:44.946005,1e+20
2022-01-24 14:24:03.114413,1e+20
2022-01-24 14:25:11.392080,1e+20
2022-01-24 14:25:42.835602,1e+20
2022-01-24 14:27:03.028303,1e+20
2022-01-24 14:27:19.977333,1e+20
2022-01-24 14:27:36.241323,1e+20
2022-01-24 14:28:04.241704,1e+20
2022-01-24 14:28:19.078726,1e+20
2022-01-24 14:28:27.557221,1e+20
2022-01-24 14:29:04.595473,1e+20
2022-01-25 09:00:38.085634,1e+20
2022-01-25 09:00:43.569252,1e+20
2022-01-25 09:00:45.236208,1e+20
2022-01-25 09:00:51.895511,1e+20
2022-01-25 09:00:52.322662,1e+20
2022-01-25 09:05:04.935637,1e+20
2022-01-25 09:05:19.920867,1e+20
2022-01-25 09:07:03.662911,1e+20
2022-01-25 09:12:56.016615,1e+20
2022-01-25 09:13:13.468434,1e+20
2022-01-25 09:18:01.941744,1e+20
2022-01-25 09:18:05.597641,1e+20
2022-01-25 09:18:15.858985,1e+20
2022-01-25 09:25:29.555625,1e+20
2022-01-25 09:26:08.486217,1e+20
2022-01-25 09:27:03.912832,1e+20
2022-01-25 09:29:32.363959,1e+20
2022-01-25 09:30:10.870869,1e+20
2022-01-25 09:30:17.233448,1e+20
2022-01-25 09:33:41.722426,1e+20
2022-01-25 09:34:08.198917,1e+20
2022-01-25 09:35:54.872851,1e+20
2022-01-25 09:36:09.036757,1e+20
2022-01-25 09:37:09.207800,1e+20
2022-01-25 09:38:25.068690,1e+20
2022-01-25 09:38:45.554513,1e+20
2022-01-25 09:40:03.153671,1e+20
2022-01-25 09:40:09.628835,1e+20
2022-01-25 09:45:39.229298,1e+20
2022-01-25 09:46:14.328870,1e+20
2022-01-25 09:49:52.635412,1e+20
2022-01-25 09:50:04.775583,1e+20
2022-01-25 09:52:24.066009,1e+20
2022-01-25 09:53:41.981078,1e+20
2022-01-25 09:57:33.667270,1e+20
2022-01-25 10:03:29.875370,1e+20
2022-01-25 10:03:46.211301,1e+20
2022-01-25 10:03:56.388447,1e+20
2022-01-25 10:04:03.747428,1e+20
2022-01-25 10:08:42.835679,1e+20
2022-01-25 10:09:24.784875,1e+20
2022-01-25 10:12:03.646622,1e+20
2022-01-25 10:16:33.873207,1e+20
2022-01-25 10:18:25.467280,1e+20
2022-01-25 10:19:53.604137,1e+20
2022-01-25 10:20:58.276606,1e+20
2022-01-25 10:21:55.388382,1e+20
2022-01-25 10:25:35.666135,1e+20
2022-01-25 10:29:04.715635,1e+20
2022-01-25 10:34:04.698914,1e+20
2022-01-25 10:34:13.801118,1e+20
2022-01-25 10:34:48.461014,1e+20
2022-01-25 10:39:04.340501,1e+20
2022-01-25 10:39:57.482670,1e+20
2022-01-25 10:41:56.146005,1e+20
2022-01-25 10:42:07.209765,1e+20
2022-01-25 10:46:08.936397,1e+20
2022-01-25 10:48:19.882646,1e+20
2022-01-25 10:48:30.219408,1e+20
2022-01-25 10:50:14.465387,1e+20
2022-01-25 10:52:30.739475,1e+20
2022-01-25 10:53:14.621602,1e+20
2022-01-25 10:54:05.834247,1e+20
2022-01-25 10:59:24.328654,1e+20
2022-01-25 11:04:02.256820,1e+20
2022-01-25 11:04:16.319376,1e+20
2022-01-25 11:06:26.386463,1e+20
2022-01-25 11:07:31.712713,1e+20
2022-01-25 11:09:05.798420,1e+20
2022-01-25 11:09:42.681582,1e+20
2022-01-25 11:13:03.975255,1e+20
2022-01-25 11:13:24.994530,1e+20
2022-01-25 11:15:18.292249,1e+20
2022-01-25 11:16:48.541456,1e+20
2022-01-25 11:19:29.334444,1e+20
2022-01-25 11:22:54.884052,1e+20
2022-01-25 11:23:08.107536,1e+20
2022-01-25 11:23:17.493399,1e+20
2022-01-25 11:23:19.297699,1e+20
2022-01-25 11:23:59.465017,1e+20
2022-01-25 11:26:02.972099,1e+20
2022-01-25 11:27:27.113925,1e+20
2022-01-25 13:00:25.987020,1e+20
2022-01-25 13:04:36.284373,1e+20
2022-01-25 13:06:25.875264,1e+20
2022-01-25 13:07:26.039502,1e+20
2022-01-25 13:11:42.846834,1e+20
2022-01-25 13:13:26.389586,1e+20
2022-01-25 13:15:59.958326,1e+20
2022-01-25 13:18:17.185161,1e+20
2022-01-25 13:18:19.248264,1e+20
2022-01-25 13:20:01.545098,1e+20
2022-01-25 13:20:45.635903,1e+20
2022-01-25 13:21:11.173263,1e+20
2022-01-25 13:21:13.179820,1e+20
2022-01-25 13:21:28.660627,1e+20
2022-01-25 13:23:21.063736,1e+20
2022-01-25 13:26:02.956614,1e+20
2022-01-25 13:26:06.568783,1e+20
2022-01-25 13:26:53.137329,1e+20
2022-01-25 13:27:42.405448,1e+20
2022-01-25 13:29:00.394584,1e+20
2022-01-25 13:29:05.021653,1e+20
2022-01-25 13:31:32.680017,1e+20
2022-01-25 13:31:48.972147,1e+20
2022-01-25 13:34:00.103236,1e+20
2022-01-25 13:34:34.719704,1e+20
2022-01-25 13:36:03.198980,1e+20
2022-01-25 13:39:13.130968,1e+20
2022-01-25 13:40:05.561681,1e+20
2022-01-25 13:40:10.378150,1e+20
2022-01-25 13:41:54.695774,1e+20
2022-01-25 13:42:02.840167,1e+20
2022-01-25 13:43:05.301548,1e+20
2022-01-25 13:45:19.371855,1e+20
2022-01-25 13:46:04.651101,1e+20
2022-01-25 13:47:19.651270,1e+20
2022-01-25 13:47:38.499735,1e+20
2022-01-25 13:48:05.997242,1e+20
2022-01-25 13:50:02.786132,1e+20
2022-01-25 13:53:46.804360,1e+20
2022-01-25 13:59:47.337501,1e+20
2022-01-25 13:59:52.864850,1e+20
2022-01-25 14:00:05.710092,1e+20
2022-01-25 14:00:36.306475,1e+20
2022-01-25 14:02:04.691151,1e+20
2022-01-25 14:03:03.412229,1e+20
2022-01-25 14:03:05.241142,1e+20
2022-01-25 14:04:03.352434,1e+20
2022-01-25 14:05:22.140201,1e+20
2022-01-25 14:06:56.193043,1e+20
2022-01-25 14:07:02.164187,1e+20
2022-01-25 14:07:06.636732,1e+20
2022-01-25 14:11:45.878496,1e+20
2022-01-25 14:11:56.268998,1e+20
2022-01-25 14:13:53.690114,1e+20
2022-01-25 14:20:01.116256,1e+20
2022-01-25 14:20:09.373972,1e+20
2022-01-25 14:23:26.800811,1e+20
2022-01-25 14:24:05.447466,1e+20
2022-01-25 14:25:12.215393,1e+20
2022-01-25 14:27:09.474856,1e+20
2022-01-25 14:28:37.848948,1e+20
2022-01-25 14:29:14.881982,1e+20
2022-01-25 14:29:52.500536,1e+20
2022-01-26 09:00:34.728908,1e+20
2022-01-26 09:00:35.855687,1e+20
2022-01-26 09:00:48.127485,1e+20
2022-01-26 09:00:49.712858,1e+20
2022-01-26 09:02:04.854587,1e+20
2022-01-26 09:11:27.859078,1e+20
2022-01-26 09:13:57.650814,1e+20
2022-01-26 09:16:05.249523,1e+20
2022-01-26 09:18:51.811971,1e+20
2022-01-26 09:19:07.825953,1e+20
2022-01-26 09:19:40.278689,1e+20
2022-01-26 09:19:59.613184,1e+20
2022-01-26 09:21:49.620241,1e+20
2022-01-26 09:25:05.406760,1e+20
2022-01-26 09:26:03.090968,1e+20
2022-01-26 09:36:37.673374,1e+20
2022-01-26 09:37:38.180585,1e+20
2022-01-26 09:38:05.529077,1e+20
2022-01-26 09:41:31.617658,1e+20
2022-01-26 09:42:04.003070,1e+20
2022-01-26 09:43:37.992179,1e+20
2022-01-26 09:44:15.214310,1e+20
2022-01-26 09:56:52.388470,1e+20
2022-01-26 09:58:32.002483,1e+20
2022-01-26 10:03:53.801908,1e+20
2022-01-26 10:04:29.891882,1e+20
2022-01-26 10:04:40.227903,1e+20
2022-01-26 10:09:15.911571,1e+20
2022-01-26 10:18:03.875722,1e+20
2022-01-26 10:19:45.843622,1e+20
2022-01-26 10:25:00.030138,1e+20
2022-01-26 10:27:05.643975,1e+20
2022-01-26 10:28:55.775736,1e+20
2022-01-26 10:32:25.612434,1e+20
2022-01-26 10:34:06.335084,1e+20
2022-01-26 10:34:13.561913,1e+20
2022-01-26 10:35:08.030577,1e+20
2022-01-26 10:41:08.188341,1e+20
2022-01-26 10:43:47.371960,1e+20
2022-01-26 10:44:05.252217,1e+20
2022-01-26 10:46:59.986743,1e+20
2022-01-26 10:47:14.222065,1e+20
2022-01-26 10:47:31.764468,1e+20
2022-01-26 10:49:43.732916,1e+20
2022-01-26 10:51:23.576505,1e+20
2022-01-26 10:56:16.227611,1e+20
2022-01-26 11:00:09.757268,1e+20
2022-01-26 11:01:17.429343,1e+20
2022-01-26 11:01:32.079206,1e+20
2022-01-26 11:05:20.571880,1e+20
2022-01-26 11:06:31.640873,1e+20
2022-01-26 11:08:14.351954,1e+20
2022-01-26 11:12:52.863197,1e+20
2022-01-26 11:13:18.739981,1e+20
2022-01-26 11:14:03.870593,1e+20
2022-01-26 11:14:20.699576,1e+20
2022-01-26 11:14:40.894619,1e+20
2022-01-26 11:16:04.440715,1e+20
2022-01-26 11:20:04.364588,1e+20
2022-01-26 11:20:46.469626,1e+20
2022-01-26 11:21:28.271499,1e+20
2022-01-26 11:21:58.411072,1e+20
2022-01-26 11:23:56.420203,1e+20
2022-01-26 11:24:38.625924,1e+20
2022-01-26 13:00:47.827858,1e+20
2022-01-26 13:01:42.372177,1e+20
2022-01-26 13:04:16.478781,1e+20
2022-01-26 13:06:55.868793,1e+20
2022-01-26 13:07:25.805079,1e+20
2022-01-26 13:13:20.703637,1e+20
2022-01-26 13:13:26.825379,1e+20
2022-01-26 13:15:04.080233,1e+20
2022-01-26 13:15:28.397303,1e+20
2022-01-26 13:15:34.639944,1e+20
2022-01-26 13:15:40.792851,1e+20
2022-01-26 13:21:37.753721,1e+20
2022-01-26 13:22:50.814828,1e+20
2022-01-26 13:25:09.033259,1e+20
2022-01-26 13:28:04.305951,1e+20
2022-01-26 13:28:14.572746,1e+20
2022-01-26 13:28:16.559590,1e+20
2022-01-26 13:30:20.030410,1e+20
2022-01-26 13:33:51.082972,1e+20
2022-01-26 13:34:03.753572,1e+20
2022-01-26 13:35:13.246637,1e+20
2022-01-26 13:35:57.689257,1e+20
2022-01-26 13:36:08.917903,1e+20
2022-01-26 13:38:14.449527,1e+20
2022-01-26 13:40:42.648082,1e+20
2022-01-26 13:42:07.117532,1e+20
2022-01-26 13:43:04.708269,1e+20
2022-01-26 13:43:12.970184,1e+20
2022-01-26 13:44:00.197968,1e+20
2022-01-26 13:44:04.731362,1e+20
2022-01-26 13:44:50.602693,1e+20
2022-01-26 13:45:15.389559,1e+20
2022-01-26 13:47:38.101735,1e+20
2022-01-26 13:50:46.597859,1e+20
2022-01-26 13:51:45.162387,1e+20
2022-01-26 13:53:04.971292,1e+20
2022-01-26 13:53:39.623766,1e+20
2022-01-26 13:56:05.622206,1e+20
2022-01-26 13:57:18.713297,1e+20
2022-01-26 13:57:49.406235,1e+20
2022-01-26 13:58:22.503644,1e+20
2022-01-26 13:58:58.507050,1e+20
2022-01-26 13:59:10.694804,1e+20
2022-01-26 13:59:12.738652,1e+20
2022-01-26 14:05:07.709194,1e+20
2022-01-26 14:08:01.116572,1e+20
2022-01-26 14:10:16.804097,1e+20
2022-01-26 14:15:09.331384,1e+20
2022-01-26 14:20:50.747883,1e+20
2022-01-26 14:22:04.435313,1e+20
2022-01-26 14:23:19.010223,1e+20
2022-01-26 14:23:37.449917,1e+20
2022-01-26 14:26:27.436068,1e+20
2022-01-26 14:26:57.364977,1e+20
2022-01-26 14:28:30.717892,1e+20
2022-01-27 09:00:43.530073,1e+20
2022-01-27 09:00:49.238656,1e+20
2022-01-27 09:00:49.860104,1e+20
2022-01-27 09:02:09.221526,1e+20
2022-01-27 09:04:25.786373,1e+20
2022-01-27 09:04:59.870290,1e+20
2022-01-27 09:11:05.020364,1e+20
2022-01-27 09:17:05.315436,1e+20
2022-01-27 09:17:49.348792,1e+20
2022-01-27 09:23:21.033237,1e+20
2022-01-27 09:24:19.540935,1e+20
2022-01-27 09:27:04.090099,1e+20
2022-01-27 09:30:03.386209,1e+20
2022-01-27 09:30:49.586862,1e+20
2022-01-27 09:31:04.845048,1e+20
2022-01-27 09:36:35.233872,1e+20
2022-01-27 09:40:01.923996,1e+20
2022-01-27 09:40:15.249082,1e+20
2022-01-27 09:43:43.790643,1e+20
2022-01-27 09:44:04.181109,1e+20
2022-01-27 09:46:03.878725,1e+20
2022-01-27 09:48:51.276533,1e+20
2022-01-27 09:49:33.636268,1e+20
2022-01-27 09:54:03.457968,1e+20
2022-01-27 09:59:04.069108,1e+20
2022-01-27 10:12:04.666957,1e+20
2022-01-27 10:16:29.631180,1e+20
2022-01-27 10:21:24.004835,1e+20
2022-01-27 10:26:12.085828,1e+20
2022-01-27 10:32:15.880036,1e+20
2022-01-27 10:32:49.861733,1e+20
2022-01-27 10:33:11.499521,1e+20
2022-01-27 10:44:04.854638,1e+20
2022-01-27 10:49:31.612531,1e+20
2022-01-27 10:50:26.071588,1e+20
2022-01-27 10:52:05.901176,1e+20
2022-01-27 10:52:29.673418,1e+20
2022-01-27 10:53:09.674366,1e+20
2022-01-27 10:55:04.643788,1e+20
2022-01-27 11:03:46.351154,1e+20
2022-01-27 11:09:49.848335,1e+20
2022-01-27 11:10:32.031062,1e+20
2022-01-27 11:11:39.996434,1e+20
2022-01-27 11:13:45.557646,1e+20
2022-01-27 11:15:16.175842,1e+20
2022-01-27 11:18:34.077769,1e+20
2022-01-27 11:20:15.969991,1e+20
2022-01-27 11:25:57.779380,1e+20
2022-01-27 11:27:04.248590,1e+20
2022-01-27 11:28:55.988501,1e+20
2022-01-27 11:29:15.360465,1e+20
2022-01-27 11:29:25.748876,1e+20
2022-01-27 11:29:48.392426,1e+20
2022-01-27 13:00:31.379828,1e+20
2022-01-27 13:00:31.469786,1e+20
2022-01-27 13:00:31.711526,1e+20
2022-01-27 13:01:22.825326,1e+20
2022-01-27 13:03:47.782294,1e+20
2022-01-27 13:04:46.479365,1e+20
2022-01-27 13:05:32.839023,1e+20
2022-01-27 13:07:44.722028,1e+20
2022-01-27 13:07:46.653348,1e+20
2022-01-27 13:10:03.365617,1e+20
2022-01-27 13:12:04.274649,1e+20
2022-01-27 13:14:03.494998,1e+20
2022-01-27 13:16:32.194832,1e+20
2022-01-27 13:17:06.057562,1e+20
2022-01-27 13:17:36.060965,1e+20
2022-01-27 13:18:28.484493,1e+20
2022-01-27 13:19:04.733421,1e+20
2022-01-27 13:22:55.892563,1e+20
2022-01-27 13:23:07.136553,1e+20
2022-01-27 13:23:14.451921,1e+20
2022-01-27 13:24:48.163335,1e+20
2022-01-27 13:24:50.201681,1e+20
2022-01-27 13:25:20.456494,1e+20
2022-01-27 13:25:36.500168,1e+20
2022-01-27 13:26:50.484419,1e+20
2022-01-27 13:28:15.082611,1e+20
2022-01-27 13:29:23.737816,1e+20
2022-01-27 13:29:38.345945,1e+20
2022-01-27 13:30:04.725839,1e+20
2022-01-27 13:30:08.221011,1e+20
2022-01-27 13:30:12.162752,1e+20
2022-01-27 13:31:28.548389,1e+20
2022-01-27 13:37:26.830548,1e+20
2022-01-27 13:38:05.294258,1e+20
2022-01-27 13:41:18.892402,1e+20
2022-01-27 13:43:46.373192,1e+20
2022-01-27 13:44:20.473733,1e+20
2022-01-27 13:46:04.924494,1e+20
2022-01-27 13:46:10.772101,1e+20
2022-01-27 13:46:13.020665,1e+20
2022-01-27 13:46:28.058094,1e+20
2022-01-27 13:46:30.301796,1e+20
2022-01-27 13:48:38.915303,1e+20
2022-01-27 13:52:04.502686,1e+20
2022-01-27 13:52:06.924700,1e+20
2022-01-27 13:52:40.515693,1e+20
2022-01-27 13:59:10.603542,1e+20
2022-01-27 13:59:58.712401,1e+20
2022-01-27 14:00:45.374363,1e+20
2022-01-27 14:03:10.454116,1e+20
2022-01-27 14:06:37.601296,1e+20
2022-01-27 14:09:10.955727,1e+20
2022-01-27 14:09:30.589717,1e+20
2022-01-27 14:09:54.369636,1e+20
2022-01-27 14:11:03.995291,1e+20
2022-01-27 14:11:41.883784,1e+20
2022-01-27 14:12:03.622634,1e+20
2022-01-27 14:14:04.840976,1e+20
2022-01-27 14:14:31.871782,1e+20
2022-01-27 14:15:17.761642,1e+20
2022-01-27 14:15:48.029892,1e+20
2022-01-27 14:15:49.548570,1e+20
2022-01-27 14:16:00.434871,1e+20
2022-01-27 14:17:09.092728,1e+20
2022-01-27 14:18:35.416559,1e+20
2022-01-27 14:19:47.512435,1e+20
2022-01-27 14:21:03.244163,1e+20
2022-01-27 14:21:17.295484,1e+20
2022-01-27 14:21:23.346239,1e+20
2022-01-27 14:22:10.947742,1e+20
2022-01-27 14:23:59.612883,1e+20
2022-01-27 14:24:01.545296,1e+20
2022-01-27 14:24:05.541848,1e+20
2022-01-27 14:24:13.410936,1e+20
2022-01-27 14:24:58.724201,1e+20
2022-01-27 14:25:12.788741,1e+20
2022-01-27 14:25:21.333697,1e+20
2022-01-27 14:26:31.546747,1e+20
2022-01-27 14:26:49.669854,1e+20
2022-01-27 14:29:11.321381,1e+20
2022-01-28 09:01:03.071352,1e+20
2022-01-28 09:02:13.987822,1e+20
2022-01-28 09:05:15.153520,1e+20
2022-01-28 09:10:33.573626,1e+20
2022-01-28 09:11:55.911113,1e+20
2022-01-28 09:14:31.493932,1e+20
2022-01-28 09:22:59.393772,1e+20
2022-01-28 09:23:04.607460,1e+20
2022-01-28 09:25:07.365148,1e+20
2022-01-28 09:26:04.436691,1e+20
2022-01-28 09:26:11.982790,1e+20
2022-01-28 09:27:25.250975,1e+20
2022-01-28 09:35:35.728191,1e+20
2022-01-28 09:37:05.652947,1e+20
2022-01-28 09:41:23.882619,1e+20
2022-01-28 09:50:35.796603,1e+20
2022-01-28 09:50:39.887476,1e+20
2022-01-28 09:54:56.137434,1e+20
2022-01-28 09:56:09.937389,1e+20
2022-01-28 09:58:03.980030,1e+20
2022-01-28 09:59:32.218223,1e+20
2022-01-28 10:01:51.374754,1e+20
2022-01-28 10:04:06.952939,1e+20
2022-01-28 10:08:23.774928,1e+20
2022-01-28 10:10:35.089307,1e+20
2022-01-28 10:12:02.138048,1e+20
2022-01-28 10:12:15.267543,1e+20
2022-01-28 10:13:01.955651,1e+20
2022-01-28 10:13:33.579312,1e+20
2022-01-28 10:17:03.887411,1e+20
2022-01-28 10:18:34.271104,1e+20
2022-01-28 10:27:39.873070,1e+20
2022-01-28 10:28:02.709345,1e+20
2022-01-28 10:28:15.964654,1e+20
2022-01-28 10:30:05.017888,1e+20
2022-01-28 10:39:25.908149,1e+20
2022-01-28 10:44:04.353506,1e+20
2022-01-28 10:45:24.262581,1e+20
2022-01-28 10:47:51.916789,1e+20
2022-01-28 10:49:59.821833,1e+20
2022-01-28 10:52:42.541172,1e+20
2022-01-28 10:56:13.755091,1e+20
2022-01-28 10:57:10.439551,1e+20
2022-01-28 11:00:36.658735,1e+20
2022-01-28 11:03:05.962899,1e+20
2022-01-28 11:03:15.570846,1e+20
2022-01-28 11:03:18.159154,1e+20
2022-01-28 11:05:09.600185,1e+20
2022-01-28 11:05:51.921230,1e+20
2022-01-28 11:07:06.131526,1e+20
2022-01-28 11:07:39.856268,1e+20
2022-01-28 11:10:20.565872,1e+20
2022-01-28 11:10:27.679463,1e+20
2022-01-28 11:13:06.602806,1e+20
2022-01-28 11:13:49.953884,1e+20
2022-01-28 11:14:45.746893,1e+20
2022-01-28 11:17:02.892715,1e+20
2022-01-28 11:17:40.927022,1e+20
2022-01-28 11:20:19.739818,1e+20
2022-01-28 11:22:28.587571,1e+20
2022-01-28 11:24:34.407193,1e+20
2022-01-28 11:25:57.749428,1e+20
2022-01-28 11:26:31.793635,1e+20
2022-01-28 11:28:46.756281,1e+20
2022-01-28 13:00:42.157828,1e+20
2022-01-28 13:02:00.367437,1e+20
2022-01-28 13:07:00.530091,1e+20
2022-01-28 13:07:03.557222,1e+20
2022-01-28 13:14:05.117606,1e+20
2022-01-28 13:18:03.441809,1e+20
2022-01-28 13:21:26.549420,1e+20
2022-01-28 13:23:57.859653,1e+20
2022-01-28 13:23:59.866519,1e+20
2022-01-28 13:26:17.063570,1e+20
2022-01-28 13:26:56.125114,1e+20
2022-01-28 13:29:33.030202,1e+20
2022-01-28 13:29:42.007692,1e+20
2022-01-28 13:30:04.096007,1e+20
2022-01-28 13:31:42.745780,1e+20
2022-01-28 13:33:36.356264,1e+20
2022-01-28 13:34:28.758837,1e+20
2022-01-28 13:34:46.257148,1e+20
2022-01-28 13:35:03.607530,1e+20
2022-01-28 13:38:03.532571,1e+20
2022-01-28 13:39:10.856479,1e+20
2022-01-28 13:41:52.629604,1e+20
2022-01-28 13:49:50.297315,1e+20
2022-01-28 13:50:44.849622,1e+20
2022-01-28 13:52:01.574145,1e+20
2022-01-28 13:56:41.535635,1e+20
2022-01-28 13:57:39.002407,1e+20
2022-01-28 14:04:52.461958,1e+20
2022-01-28 14:05:03.968031,1e+20
2022-01-28 14:07:04.162542,1e+20
2022-01-28 14:07:14.647591,1e+20
2022-01-28 14:07:29.052254,1e+20
2022-01-28 14:08:03.153014,1e+20
2022-01-28 14:08:43.201438,1e+20
2022-01-28 14:09:58.557266,1e+20
2022-01-28 14:12:34.270370,1e+20
2022-01-28 14:12:46.513512,1e+20
2022-01-28 14:13:04.641704,1e+20
2022-01-28 14:13:23.931571,1e+20
2022-01-28 14:14:12.285000,1e+20
2022-01-28 14:15:01.631916,1e+20
2022-01-28 14:16:03.447807,1e+20
2022-01-28 14:17:06.607241,1e+20
2022-01-28 14:20:01.935242,1e+20
2022-01-28 14:21:03.598063,1e+20
2022-01-28 14:23:03.320497,1e+20
2022-01-28 14:23:43.247044,1e+20
2022-01-28 14:24:27.547458,1e+20
