,date,price,signal,position_size,position,TP,SL,close_price,close_time,pnl,status
0,2024-09-12 13:01:57+07:00,1301.8,buy,,1301.8,1306.8,1298.8,1299.3,2024-09-12 14:29:32+07:00,-2.5,
1,2024-09-12 13:05:04+07:00,1300.5,buy,,1300.5,1305.5,1297.5,1299.3,2024-09-12 14:29:32+07:00,-1.2000000000000455,
2,2024-09-12 13:08:16+07:00,1300.3,buy,,1300.3,1305.3,1297.3,1299.3,2024-09-12 14:29:32+07:00,-1.0,
3,2024-09-12 13:10:05+07:00,1300.9,buy,,1300.9,1305.9,1297.9,1299.3,2024-09-12 14:29:32+07:00,-1.6000000000001364,
4,2024-09-12 13:10:23+07:00,1301.0,buy,,1301.0,1306.0,1298.0,1299.3,2024-09-12 14:29:32+07:00,-1.7000000000000455,
5,2024-09-12 13:13:30+07:00,1301.3,buy,,1301.3,1306.3,1298.3,1299.3,2024-09-12 14:29:32+07:00,-2.0,
6,2024-09-12 13:15:42+07:00,1301.6,buy,,1301.6,1306.6,1298.6,1299.3,2024-09-12 14:29:32+07:00,-2.2999999999999545,
7,2024-09-12 13:20:12+07:00,1301.7,buy,,1301.7,1306.7,1298.7,1299.3,2024-09-12 14:29:32+07:00,-2.400000000000091,
8,2024-09-12 13:22:12+07:00,1301.6,buy,,1301.6,1306.6,1298.6,1299.3,2024-09-12 14:29:32+07:00,-2.2999999999999545,
9,2024-09-12 13:22:22+07:00,1301.7,buy,,1301.7,1306.7,1298.7,1299.3,2024-09-12 14:29:32+07:00,-2.400000000000091,
10,2024-09-13 09:01:02+07:00,1300.9,sell,,1300.9,1295.9,1303.9,1295.4,2024-09-13 09:41:48+07:00,5.43,closed
11,2024-09-13 09:01:28+07:00,1300.8,sell,,1300.8,1295.8,1303.8,1295.4,2024-09-13 09:41:48+07:00,10.759999999999863,closed
12,2024-09-13 09:02:59+07:00,1301.1,sell,,1301.1,1296.1,1304.1,1295.4,2024-09-13 09:41:48+07:00,16.38999999999968,closed
13,2024-09-13 09:03:50+07:00,1301.3,sell,,1301.3,1296.3,1304.3,1295.4,2024-09-13 09:41:48+07:00,22.219999999999544,closed
14,2024-09-13 09:03:52+07:00,1301.1,sell,,1301.1,1296.1,1304.1,1295.4,2024-09-13 09:41:48+07:00,27.849999999999362,closed
15,2024-09-13 09:03:59+07:00,1301.0,sell,,1301.0,1296.0,1304.0,1295.4,2024-09-13 09:41:48+07:00,33.37999999999927,closed
16,2024-09-13 09:05:23+07:00,1300.9,sell,,1300.9,1295.9,1303.9,1295.4,2024-09-13 09:41:48+07:00,38.80999999999927,closed
17,2024-09-13 09:05:26+07:00,1301.0,sell,,1301.0,1296.0,1304.0,1295.4,2024-09-13 09:41:48+07:00,44.33999999999918,closed
18,2024-09-13 09:05:36+07:00,1300.8,sell,,1300.8,1295.8,1303.8,1295.4,2024-09-13 09:41:48+07:00,49.66999999999904,closed
19,2024-09-13 09:05:45+07:00,1301.0,sell,,1301.0,1296.0,1304.0,1295.4,2024-09-13 09:41:48+07:00,55.19999999999895,closed
20,2024-09-13 09:47:22+07:00,1295.2,sell,,1295.2,1290.2,1298.2,1298.3,2024-09-13 10:40:24+07:00,-3.169999999999909,closed
21,2024-09-13 09:45:43+07:00,1295.7,sell,,1295.7,1290.7,1298.7,1298.8,2024-09-13 10:46:23+07:00,-3.169999999999909,closed
22,2024-09-13 09:46:48+07:00,1295.8,sell,,1295.8,1290.8,1298.8,1298.8,2024-09-13 10:46:23+07:00,-6.23999999999991,closed
23,2024-09-13 09:47:50+07:00,1295.7,sell,,1295.7,1290.7,1298.7,1298.8,2024-09-13 10:46:23+07:00,-9.409999999999819,closed
24,2024-09-13 09:45:24+07:00,1296.0,sell,,1296.0,1291.0,1299.0,1299.1,2024-09-13 10:46:33+07:00,-3.169999999999909,closed
25,2024-09-13 09:47:48+07:00,1296.1,sell,,1296.1,1291.1,1299.1,1299.1,2024-09-13 10:46:33+07:00,-6.23999999999991,closed
26,2024-09-13 09:42:44+07:00,1297.0,sell,,1297.0,1292.0,1300.0,1300.0,2024-09-13 13:00:16+07:00,-3.07,closed
27,2024-09-13 09:45:10+07:00,1296.5,sell,,1296.5,1291.5,1299.5,1300.0,2024-09-13 13:00:16+07:00,-6.640000000000001,closed
28,2024-09-13 13:00:16+07:00,1300.0,buy,,1300.0,1305.0,1297.0,1297.0,2024-09-13 13:20:32+07:00,-3.07,closed
29,2024-09-13 13:01:03+07:00,1299.6,buy,,1299.6,1304.6,1296.6,1296.2,2024-09-13 13:32:56+07:00,-3.4699999999998634,closed
30,2024-09-13 10:46:33+07:00,1299.1,buy,,1299.1,1304.1,1296.1,1296.1,2024-09-13 13:33:09+07:00,-3.07,closed
31,2024-09-13 10:46:26+07:00,1298.9,buy,,1298.9,1303.9,1295.9,1295.9,2024-09-13 13:33:49+07:00,-3.07,closed
32,2024-09-13 10:48:41+07:00,1298.9,buy,,1298.9,1303.9,1295.9,1295.9,2024-09-13 13:33:49+07:00,-6.140000000000001,closed
33,2024-09-13 10:46:23+07:00,1298.8,buy,,1298.8,1303.8,1295.8,1295.6,2024-09-13 13:36:23+07:00,-3.2700000000000453,closed
34,2024-09-13 10:48:50+07:00,1298.7,buy,,1298.7,1303.7,1295.7,1295.6,2024-09-13 13:36:23+07:00,-6.4400000000001825,closed
35,2024-09-13 10:40:24+07:00,1298.3,buy,,1298.3,1303.3,1295.3,1295.3,2024-09-13 13:44:07+07:00,-3.07,closed
36,2024-09-13 09:49:08+07:00,1297.1,buy,,1297.1,1302.1,1294.1,1294.0,2024-09-13 13:45:41+07:00,-3.169999999999909,closed
37,2024-09-13 13:45:41+07:00,1294.0,sell,,1294.0,1289.0,1297.0,1297.1,2024-09-13 14:10:56+07:00,-3.169999999999909,closed
38,2024-09-13 14:10:56+07:00,1297.1,buy,,1297.1,1302.1,1294.1,1294.1,2024-09-13 14:18:46+07:00,-3.07,closed
39,2024-09-13 09:42:07+07:00,1297.1,sell,,1297.1,1292.1,1300.1,1296.6,2024-09-13 14:29:03+07:00,0.5,
40,2024-09-13 13:20:32+07:00,1297.0,sell,,1297.0,1292.0,1300.0,1296.6,2024-09-13 14:29:03+07:00,0.40000000000009095,
41,2024-09-13 13:32:56+07:00,1296.2,sell,,1296.2,1291.2,1299.2,1296.6,2024-09-13 14:29:03+07:00,-0.3999999999998636,
42,2024-09-13 13:36:23+07:00,1295.6,sell,,1295.6,1290.6,1298.6,1296.6,2024-09-13 14:29:03+07:00,-1.0,
43,2024-09-13 13:36:43+07:00,1295.8,sell,,1295.8,1290.8,1298.8,1296.6,2024-09-13 14:29:03+07:00,-0.7999999999999545,
44,2024-09-13 13:37:53+07:00,1295.9,sell,,1295.9,1290.9,1298.9,1296.6,2024-09-13 14:29:03+07:00,-0.6999999999998181,
45,2024-09-13 13:37:58+07:00,1295.8,sell,,1295.8,1290.8,1298.8,1296.6,2024-09-13 14:29:03+07:00,-0.7999999999999545,
46,2024-09-13 13:39:32+07:00,1295.9,sell,,1295.9,1290.9,1298.9,1296.6,2024-09-13 14:29:03+07:00,-0.6999999999998181,
47,2024-09-13 13:44:07+07:00,1295.3,sell,,1295.3,1290.3,1298.3,1296.6,2024-09-13 14:29:03+07:00,-1.2999999999999545,
48,2024-09-13 14:18:46+07:00,1294.1,sell,,1294.1,1289.1,1297.1,1296.6,2024-09-13 14:29:03+07:00,-2.5,
49,2024-09-16 09:01:12+07:00,1298.0,sell,,1298.0,1293.0,1301.0,1293.0,2024-09-16 13:00:05+07:00,4.93,closed
50,2024-09-16 09:00:51+07:00,1297.6,sell,,1297.6,1292.6,1300.6,1292.5,2024-09-16 13:03:25+07:00,5.029999999999909,closed
51,2024-09-16 09:02:09+07:00,1297.5,sell,,1297.5,1292.5,1300.5,1292.5,2024-09-16 13:03:25+07:00,9.959999999999908,closed
52,2024-09-16 09:03:41+07:00,1297.3,sell,,1297.3,1292.3,1300.3,1292.3,2024-09-16 13:03:36+07:00,4.93,closed
53,2024-09-16 09:01:29+07:00,1297.1,sell,,1297.1,1292.1,1300.1,1292.0,2024-09-16 13:11:59+07:00,5.029999999999909,closed
54,2024-09-16 09:01:37+07:00,1297.0,sell,,1297.0,1292.0,1300.0,1292.0,2024-09-16 13:11:59+07:00,9.959999999999908,closed
55,2024-09-16 09:05:54+07:00,1297.1,sell,,1297.1,1292.1,1300.1,1292.0,2024-09-16 13:11:59+07:00,14.989999999999817,closed
56,2024-09-16 09:05:58+07:00,1297.0,sell,,1297.0,1292.0,1300.0,1292.0,2024-09-16 13:11:59+07:00,19.919999999999817,closed
57,2024-09-16 09:06:22+07:00,1297.2,sell,,1297.2,1292.2,1300.2,1292.0,2024-09-16 13:11:59+07:00,25.049999999999862,closed
58,2024-09-16 09:06:24+07:00,1297.0,sell,,1297.0,1292.0,1300.0,1292.0,2024-09-16 13:11:59+07:00,29.979999999999862,closed
59,2024-09-16 13:13:18+07:00,1292.5,buy,,1292.5,1297.5,1289.5,1289.3,2024-09-16 13:31:49+07:00,-3.2700000000000453,closed
60,2024-09-16 13:31:49+07:00,1289.3,sell,,1289.3,1284.3,1292.3,1292.6,2024-09-16 13:54:56+07:00,-3.3699999999999544,closed
61,2024-09-16 13:00:05+07:00,1293.0,sell,,1293.0,1288.0,1296.0,1296.0,2024-09-16 13:55:14+07:00,-3.07,closed
62,2024-09-16 13:03:25+07:00,1292.5,sell,,1292.5,1287.5,1295.5,1296.0,2024-09-16 13:55:14+07:00,-6.640000000000001,closed
63,2024-09-16 13:03:36+07:00,1292.3,sell,,1292.3,1287.3,1295.3,1296.0,2024-09-16 13:55:14+07:00,-10.410000000000046,closed
64,2024-09-16 13:04:06+07:00,1293.0,sell,,1293.0,1288.0,1296.0,1296.0,2024-09-16 13:55:14+07:00,-13.480000000000047,closed
65,2024-09-16 13:11:59+07:00,1292.0,sell,,1292.0,1287.0,1295.0,1296.0,2024-09-16 13:55:14+07:00,-17.550000000000047,closed
66,2024-09-16 13:13:05+07:00,1292.2,sell,,1292.2,1287.2,1295.2,1296.0,2024-09-16 13:55:14+07:00,-21.42,closed
67,2024-09-16 13:14:13+07:00,1292.9,sell,,1292.9,1287.9,1295.9,1296.0,2024-09-16 13:55:14+07:00,-24.58999999999991,closed
68,2024-09-16 13:14:18+07:00,1292.3,sell,,1292.3,1287.3,1295.3,1296.0,2024-09-16 13:55:14+07:00,-28.359999999999957,closed
69,2024-09-16 13:14:22+07:00,1292.2,sell,,1292.2,1287.2,1295.2,1296.0,2024-09-16 13:55:14+07:00,-32.22999999999991,closed
70,2024-09-16 13:55:14+07:00,1296.0,buy,,1296.0,1301.0,1293.0,1293.0,2024-09-16 13:55:43+07:00,-3.07,closed
71,2024-09-16 13:55:18+07:00,1294.4,buy,,1294.4,1299.4,1291.4,1291.4,2024-09-16 14:01:19+07:00,-3.07,closed
72,2024-09-16 13:54:56+07:00,1292.6,buy,,1292.6,1297.6,1289.6,1289.0,2024-09-16 14:16:15+07:00,-3.669999999999909,closed
73,2024-09-16 13:57:14+07:00,1292.7,sell,,1292.7,1287.7,1295.7,1287.0,2024-09-16 14:16:25+07:00,5.630000000000045,closed
74,2024-09-16 13:58:18+07:00,1292.2,sell,,1292.2,1287.2,1295.2,1287.0,2024-09-16 14:16:25+07:00,10.76000000000009,closed
75,2024-09-16 13:58:38+07:00,1292.0,sell,,1292.0,1287.0,1295.0,1287.0,2024-09-16 14:16:25+07:00,15.69000000000009,closed
76,2024-09-16 13:58:45+07:00,1292.7,sell,,1292.7,1287.7,1295.7,1287.0,2024-09-16 14:16:25+07:00,21.320000000000135,closed
77,2024-09-16 13:58:50+07:00,1292.0,sell,,1292.0,1287.0,1295.0,1287.0,2024-09-16 14:16:25+07:00,26.250000000000135,closed
78,2024-09-16 13:59:56+07:00,1292.1,sell,,1292.1,1287.1,1295.1,1287.0,2024-09-16 14:16:25+07:00,31.280000000000044,closed
79,2024-09-16 14:01:29+07:00,1292.0,sell,,1292.0,1287.0,1295.0,1287.0,2024-09-16 14:16:25+07:00,36.21000000000004,closed
80,2024-09-16 14:01:44+07:00,1292.1,sell,,1292.1,1287.1,1295.1,1287.0,2024-09-16 14:16:25+07:00,41.23999999999995,closed
81,2024-09-16 14:01:19+07:00,1291.4,sell,,1291.4,1286.4,1294.4,1286.3,2024-09-16 14:16:29+07:00,5.030000000000136,closed
82,2024-09-16 14:16:15+07:00,1289.0,sell,,1289.0,1284.0,1292.0,1286.4,2024-09-16 14:29:00+07:00,2.599999999999909,
83,2024-09-16 14:16:25+07:00,1287.0,sell,,1287.0,1282.0,1290.0,1286.4,2024-09-16 14:29:00+07:00,0.599999999999909,
84,2024-09-16 14:16:27+07:00,1286.7,sell,,1286.7,1281.7,1289.7,1286.4,2024-09-16 14:29:00+07:00,0.2999999999999545,
85,2024-09-16 14:16:29+07:00,1286.3,sell,,1286.3,1281.3,1289.3,1286.4,2024-09-16 14:29:00+07:00,-0.10000000000013642,
86,2024-09-16 14:16:31+07:00,1287.0,sell,,1287.0,1282.0,1290.0,1286.4,2024-09-16 14:29:00+07:00,0.599999999999909,
87,2024-09-16 14:16:47+07:00,1287.5,sell,,1287.5,1282.5,1290.5,1286.4,2024-09-16 14:29:00+07:00,1.099999999999909,
88,2024-09-16 14:16:52+07:00,1287.1,sell,,1287.1,1282.1,1290.1,1286.4,2024-09-16 14:29:00+07:00,0.6999999999998181,
89,2024-09-16 14:16:59+07:00,1286.8,sell,,1286.8,1281.8,1289.8,1286.4,2024-09-16 14:29:00+07:00,0.3999999999998636,
90,2024-09-16 14:17:00+07:00,1286.7,sell,,1286.7,1281.7,1289.7,1286.4,2024-09-16 14:29:00+07:00,0.2999999999999545,
91,2024-09-16 14:17:04+07:00,1286.1,sell,,1286.1,1281.1,1289.1,1286.4,2024-09-16 14:29:00+07:00,-0.3000000000001819,
92,2024-09-17 09:01:48+07:00,1284.5,sell,,1284.5,1279.5,1287.5,1287.5,2024-09-17 10:23:02+07:00,-3.07,closed
93,2024-09-17 09:03:53+07:00,1284.5,sell,,1284.5,1279.5,1287.5,1287.5,2024-09-17 10:23:02+07:00,-6.140000000000001,closed
94,2024-09-17 09:01:01+07:00,1284.8,sell,,1284.8,1279.8,1287.8,1288.0,2024-09-17 13:10:03+07:00,-3.2700000000000453,closed
95,2024-09-17 09:01:33+07:00,1284.9,sell,,1284.9,1279.9,1287.9,1288.0,2024-09-17 13:10:03+07:00,-6.439999999999955,closed
96,2024-09-17 09:02:07+07:00,1285.0,sell,,1285.0,1280.0,1288.0,1288.0,2024-09-17 13:10:03+07:00,-9.509999999999955,closed
97,2024-09-17 09:02:13+07:00,1284.9,sell,,1284.9,1279.9,1287.9,1288.0,2024-09-17 13:10:03+07:00,-12.679999999999865,closed
98,2024-09-17 09:01:58+07:00,1285.5,sell,,1285.5,1280.5,1288.5,1288.5,2024-09-17 13:14:04+07:00,-3.07,closed
99,2024-09-17 09:00:54+07:00,1284.5,buy,,1284.5,1289.5,1281.5,1289.5,2024-09-17 13:20:58+07:00,4.93,closed
100,2024-09-17 09:00:51+07:00,1285.0,buy,,1285.0,1290.0,1282.0,1290.0,2024-09-17 13:32:44+07:00,4.93,closed
101,2024-09-17 09:00:53+07:00,1285.2,buy,,1285.2,1290.2,1282.2,1290.2,2024-09-17 13:33:01+07:00,4.93,closed
102,2024-09-17 13:10:38+07:00,1287.3,buy,,1287.3,1292.3,1284.3,1292.3,2024-09-17 14:00:38+07:00,4.93,closed
103,2024-09-17 10:23:02+07:00,1287.5,buy,,1287.5,1292.5,1284.5,1292.5,2024-09-17 14:00:45+07:00,4.93,closed
104,2024-09-17 10:23:12+07:00,1287.4,buy,,1287.4,1292.4,1284.4,1292.5,2024-09-17 14:00:45+07:00,9.959999999999908,closed
105,2024-09-17 13:10:34+07:00,1287.5,buy,,1287.5,1292.5,1284.5,1292.5,2024-09-17 14:00:45+07:00,14.889999999999908,closed
106,2024-09-17 13:10:03+07:00,1288.0,buy,,1288.0,1293.0,1285.0,1293.0,2024-09-17 14:01:12+07:00,4.93,closed
107,2024-09-17 13:10:15+07:00,1287.7,buy,,1287.7,1292.7,1284.7,1293.0,2024-09-17 14:01:12+07:00,10.159999999999954,closed
108,2024-09-17 13:14:04+07:00,1288.5,buy,,1288.5,1293.5,1285.5,1293.5,2024-09-17 14:04:01+07:00,4.93,closed
109,2024-09-17 13:20:58+07:00,1289.5,buy,,1289.5,1294.5,1286.5,1294.5,2024-09-17 14:12:32+07:00,4.93,closed
110,2024-09-17 13:32:44+07:00,1290.0,buy,,1290.0,1295.0,1287.0,1295.0,2024-09-17 14:13:18+07:00,4.93,closed
111,2024-09-17 13:33:55+07:00,1290.5,buy,,1290.5,1295.5,1287.5,1295.6,2024-09-17 14:13:30+07:00,5.029999999999909,closed
112,2024-09-17 14:00:38+07:00,1292.3,buy,,1292.3,1297.3,1289.3,1297.3,2024-09-17 14:17:28+07:00,4.93,closed
113,2024-09-17 14:00:45+07:00,1292.5,buy,,1292.5,1297.5,1289.5,1297.9,2024-09-17 14:17:31+07:00,5.330000000000091,closed
114,2024-09-17 14:01:10+07:00,1292.6,buy,,1292.6,1297.6,1289.6,1297.9,2024-09-17 14:17:31+07:00,10.560000000000272,closed
115,2024-09-17 14:01:18+07:00,1292.6,buy,,1292.6,1297.6,1289.6,1297.9,2024-09-17 14:17:31+07:00,15.790000000000454,closed
116,2024-09-17 14:01:29+07:00,1292.8,buy,,1292.8,1297.8,1289.8,1297.9,2024-09-17 14:17:31+07:00,20.82000000000059,closed
117,2024-09-17 14:01:12+07:00,1293.0,buy,,1293.0,1298.0,1290.0,1298.0,2024-09-17 14:18:39+07:00,4.93,closed
118,2024-09-17 14:04:01+07:00,1293.5,buy,,1293.5,1298.5,1290.5,1298.5,2024-09-17 14:19:17+07:00,4.93,closed
119,2024-09-17 14:12:32+07:00,1294.5,buy,,1294.5,1299.5,1291.5,1299.5,2024-09-17 14:19:50+07:00,4.93,closed
120,2024-09-17 14:13:18+07:00,1295.0,buy,,1295.0,1300.0,1292.0,1300.0,2024-09-17 14:23:36+07:00,4.93,closed
121,2024-09-17 14:13:30+07:00,1295.6,buy,,1295.6,1300.6,1292.6,1300.9,2024-09-17 14:23:46+07:00,5.230000000000182,closed
122,2024-09-17 14:18:11+07:00,1297.4,buy,,1297.4,1302.4,1294.4,1302.6,2024-09-17 14:28:03+07:00,5.129999999999818,closed
123,2024-09-17 14:18:17+07:00,1297.4,buy,,1297.4,1302.4,1294.4,1302.6,2024-09-17 14:28:03+07:00,10.259999999999636,closed
124,2024-09-17 14:18:30+07:00,1297.5,buy,,1297.5,1302.5,1294.5,1302.6,2024-09-17 14:28:03+07:00,15.289999999999544,closed
125,2024-09-17 14:18:08+07:00,1297.8,buy,,1297.8,1302.8,1294.8,1303.0,2024-09-17 14:28:13+07:00,5.130000000000045,closed
126,2024-09-17 14:18:14+07:00,1297.8,buy,,1297.8,1302.8,1294.8,1303.0,2024-09-17 14:28:13+07:00,10.26000000000009,closed
127,2024-09-17 14:18:39+07:00,1298.0,buy,,1298.0,1303.0,1295.0,1303.0,2024-09-17 14:28:13+07:00,15.19000000000009,closed
128,2024-09-17 14:19:17+07:00,1298.5,buy,,1298.5,1303.5,1295.5,1303.8,2024-09-17 14:28:19+07:00,5.229999999999954,closed
129,2024-09-17 14:19:50+07:00,1299.5,buy,,1299.5,1304.5,1296.5,1302.5,2024-09-17 14:29:08+07:00,3.0,
130,2024-09-17 14:23:36+07:00,1300.0,buy,,1300.0,1305.0,1297.0,1302.5,2024-09-17 14:29:08+07:00,2.5,
131,2024-09-17 14:23:46+07:00,1300.9,buy,,1300.9,1305.9,1297.9,1302.5,2024-09-17 14:29:08+07:00,1.599999999999909,
132,2024-09-17 14:28:03+07:00,1302.6,buy,,1302.6,1307.6,1299.6,1302.5,2024-09-17 14:29:08+07:00,-0.09999999999990905,
133,2024-09-17 14:28:13+07:00,1303.0,buy,,1303.0,1308.0,1300.0,1302.5,2024-09-17 14:29:08+07:00,-0.5,
134,2024-09-17 14:28:19+07:00,1303.8,buy,,1303.8,1308.8,1300.8,1302.5,2024-09-17 14:29:08+07:00,-1.2999999999999545,
135,2024-09-17 14:28:22+07:00,1303.0,buy,,1303.0,1308.0,1300.0,1302.5,2024-09-17 14:29:08+07:00,-0.5,
136,2024-09-17 14:28:26+07:00,1302.6,buy,,1302.6,1307.6,1299.6,1302.5,2024-09-17 14:29:08+07:00,-0.09999999999990905,
137,2024-09-17 14:28:29+07:00,1303.7,buy,,1303.7,1308.7,1300.7,1302.5,2024-09-17 14:29:08+07:00,-1.2000000000000455,
138,2024-09-17 14:28:36+07:00,1303.0,buy,,1303.0,1308.0,1300.0,1302.5,2024-09-17 14:29:08+07:00,-0.5,
139,2024-09-18 09:00:26+07:00,1306.7,buy,,1306.7,1311.7,1303.7,1312.0,2024-09-18 10:32:02+07:00,5.229999999999954,closed
140,2024-09-18 09:00:36+07:00,1306.5,buy,,1306.5,1311.5,1303.5,1312.0,2024-09-18 10:32:02+07:00,10.659999999999954,closed
141,2024-09-18 09:00:41+07:00,1306.8,buy,,1306.8,1311.8,1303.8,1312.0,2024-09-18 10:32:02+07:00,15.79,closed
142,2024-09-18 09:00:50+07:00,1307.0,buy,,1307.0,1312.0,1304.0,1312.0,2024-09-18 10:32:02+07:00,20.72,closed
143,2024-09-18 09:01:03+07:00,1307.0,buy,,1307.0,1312.0,1304.0,1312.0,2024-09-18 10:32:02+07:00,25.65,closed
144,2024-09-18 09:01:14+07:00,1306.8,buy,,1306.8,1311.8,1303.8,1312.0,2024-09-18 10:32:02+07:00,30.780000000000044,closed
145,2024-09-18 09:00:57+07:00,1307.2,buy,,1307.2,1312.2,1304.2,1312.3,2024-09-18 10:32:06+07:00,5.029999999999909,closed
146,2024-09-18 09:00:58+07:00,1307.3,buy,,1307.3,1312.3,1304.3,1312.3,2024-09-18 10:32:06+07:00,9.959999999999908,closed
147,2024-09-18 09:01:08+07:00,1307.1,buy,,1307.1,1312.1,1304.1,1312.3,2024-09-18 10:32:06+07:00,15.089999999999954,closed
148,2024-09-18 09:01:18+07:00,1307.1,buy,,1307.1,1312.1,1304.1,1312.3,2024-09-18 10:32:06+07:00,20.22,closed
149,2024-09-18 10:32:19+07:00,1311.9,buy,,1311.9,1316.9,1308.9,1316.9,2024-09-18 10:45:01+07:00,4.93,closed
150,2024-09-18 10:32:02+07:00,1312.0,buy,,1312.0,1317.0,1309.0,1317.0,2024-09-18 10:45:02+07:00,4.93,closed
151,2024-09-18 10:32:08+07:00,1312.0,buy,,1312.0,1317.0,1309.0,1317.0,2024-09-18 10:45:02+07:00,9.86,closed
152,2024-09-18 10:32:17+07:00,1312.0,buy,,1312.0,1317.0,1309.0,1317.0,2024-09-18 10:45:02+07:00,14.79,closed
153,2024-09-18 10:32:22+07:00,1312.0,buy,,1312.0,1317.0,1309.0,1317.0,2024-09-18 10:45:02+07:00,19.72,closed
154,2024-09-18 10:32:32+07:00,1312.0,buy,,1312.0,1317.0,1309.0,1317.0,2024-09-18 10:45:02+07:00,24.65,closed
155,2024-09-18 10:32:14+07:00,1312.1,buy,,1312.1,1317.1,1309.1,1317.1,2024-09-18 10:45:11+07:00,4.93,closed
156,2024-09-18 10:32:34+07:00,1312.1,buy,,1312.1,1317.1,1309.1,1317.1,2024-09-18 10:45:11+07:00,9.86,closed
157,2024-09-18 10:32:06+07:00,1312.3,buy,,1312.3,1317.3,1309.3,1317.4,2024-09-18 10:45:12+07:00,5.030000000000136,closed
158,2024-09-18 10:32:26+07:00,1312.2,buy,,1312.2,1317.2,1309.2,1317.4,2024-09-18 10:45:12+07:00,10.160000000000181,closed
159,2024-09-18 10:45:23+07:00,1317.5,buy,,1317.5,1322.5,1314.5,1314.5,2024-09-18 10:54:24+07:00,-3.07,closed
160,2024-09-18 10:45:12+07:00,1317.4,buy,,1317.4,1322.4,1314.4,1314.4,2024-09-18 10:56:06+07:00,-3.07,closed
161,2024-09-18 10:45:26+07:00,1317.4,buy,,1317.4,1322.4,1314.4,1314.4,2024-09-18 10:56:06+07:00,-6.140000000000001,closed
162,2024-09-18 10:45:28+07:00,1317.3,buy,,1317.3,1322.3,1314.3,1314.2,2024-09-18 10:59:21+07:00,-3.169999999999909,closed
163,2024-09-18 10:45:30+07:00,1317.2,buy,,1317.2,1322.2,1314.2,1314.2,2024-09-18 10:59:21+07:00,-6.23999999999991,closed
164,2024-09-18 10:45:34+07:00,1317.3,buy,,1317.3,1322.3,1314.3,1314.2,2024-09-18 10:59:21+07:00,-9.409999999999819,closed
165,2024-09-18 10:45:11+07:00,1317.1,buy,,1317.1,1322.1,1314.1,1314.1,2024-09-18 10:59:29+07:00,-3.07,closed
166,2024-09-18 10:45:21+07:00,1317.1,buy,,1317.1,1322.1,1314.1,1314.1,2024-09-18 10:59:29+07:00,-6.140000000000001,closed
167,2024-09-18 10:45:02+07:00,1317.0,buy,,1317.0,1322.0,1314.0,1314.0,2024-09-18 10:59:57+07:00,-3.07,closed
168,2024-09-18 10:59:21+07:00,1314.2,sell,,1314.2,1309.2,1317.2,1317.2,2024-09-18 11:17:18+07:00,-3.07,closed
169,2024-09-18 10:59:29+07:00,1314.1,sell,,1314.1,1309.1,1317.1,1317.2,2024-09-18 11:17:18+07:00,-6.240000000000137,closed
170,2024-09-18 10:59:31+07:00,1314.2,sell,,1314.2,1309.2,1317.2,1317.2,2024-09-18 11:17:18+07:00,-9.310000000000137,closed
171,2024-09-18 10:59:57+07:00,1314.0,sell,,1314.0,1309.0,1317.0,1317.2,2024-09-18 11:17:18+07:00,-12.580000000000183,closed
172,2024-09-18 10:56:06+07:00,1314.4,sell,,1314.4,1309.4,1317.4,1317.4,2024-09-18 11:18:19+07:00,-3.07,closed
173,2024-09-18 10:59:23+07:00,1314.4,sell,,1314.4,1309.4,1317.4,1317.4,2024-09-18 11:18:19+07:00,-6.140000000000001,closed
174,2024-09-18 10:59:25+07:00,1314.3,sell,,1314.3,1309.3,1317.3,1317.4,2024-09-18 11:18:19+07:00,-9.310000000000137,closed
175,2024-09-18 10:54:24+07:00,1314.5,sell,,1314.5,1309.5,1317.5,1317.8,2024-09-18 11:20:31+07:00,-3.3699999999999544,closed
176,2024-09-18 10:56:27+07:00,1314.5,sell,,1314.5,1309.5,1317.5,1317.8,2024-09-18 11:20:31+07:00,-6.73999999999991,closed
177,2024-09-18 11:20:31+07:00,1317.8,buy,,1317.8,1322.8,1314.8,1314.7,2024-09-18 13:37:11+07:00,-3.169999999999909,closed
178,2024-09-18 11:20:40+07:00,1317.9,buy,,1317.9,1322.9,1314.9,1314.7,2024-09-18 13:37:11+07:00,-6.439999999999955,closed
179,2024-09-18 11:17:18+07:00,1317.2,buy,,1317.2,1322.2,1314.2,1314.0,2024-09-18 14:05:29+07:00,-3.2700000000000453,closed
180,2024-09-18 11:17:24+07:00,1317.0,buy,,1317.0,1322.0,1314.0,1314.0,2024-09-18 14:05:29+07:00,-6.340000000000046,closed
181,2024-09-18 11:17:28+07:00,1317.1,buy,,1317.1,1322.1,1314.1,1314.0,2024-09-18 14:05:29+07:00,-9.509999999999955,closed
182,2024-09-18 11:18:19+07:00,1317.4,buy,,1317.4,1322.4,1314.4,1314.0,2024-09-18 14:05:29+07:00,-12.980000000000047,closed
183,2024-09-18 11:18:22+07:00,1317.1,buy,,1317.1,1322.1,1314.1,1314.0,2024-09-18 14:05:29+07:00,-16.149999999999956,closed
184,2024-09-18 11:18:28+07:00,1317.2,buy,,1317.2,1322.2,1314.2,1314.0,2024-09-18 14:05:29+07:00,-19.42,closed
185,2024-09-18 10:45:01+07:00,1316.9,buy,,1316.9,1321.9,1313.9,1313.9,2024-09-18 14:05:56+07:00,-3.07,closed
186,2024-09-18 11:17:21+07:00,1316.9,buy,,1316.9,1321.9,1313.9,1313.9,2024-09-18 14:05:56+07:00,-6.140000000000001,closed
187,2024-09-18 13:37:11+07:00,1314.7,sell,,1314.7,1309.7,1317.7,1315.1,2024-09-18 14:29:05+07:00,-0.3999999999998636,
188,2024-09-18 13:37:14+07:00,1314.8,sell,,1314.8,1309.8,1317.8,1315.1,2024-09-18 14:29:05+07:00,-0.2999999999999545,
189,2024-09-18 14:05:29+07:00,1314.0,sell,,1314.0,1309.0,1317.0,1315.1,2024-09-18 14:29:05+07:00,-1.099999999999909,
190,2024-09-18 14:05:40+07:00,1314.3,sell,,1314.3,1309.3,1317.3,1315.1,2024-09-18 14:29:05+07:00,-0.7999999999999545,
191,2024-09-18 14:05:43+07:00,1314.0,sell,,1314.0,1309.0,1317.0,1315.1,2024-09-18 14:29:05+07:00,-1.099999999999909,
192,2024-09-18 14:05:46+07:00,1314.3,sell,,1314.3,1309.3,1317.3,1315.1,2024-09-18 14:29:05+07:00,-0.7999999999999545,
193,2024-09-18 14:05:53+07:00,1314.0,sell,,1314.0,1309.0,1317.0,1315.1,2024-09-18 14:29:05+07:00,-1.099999999999909,
194,2024-09-18 14:05:56+07:00,1313.9,sell,,1313.9,1308.9,1316.9,1315.1,2024-09-18 14:29:05+07:00,-1.199999999999818,
195,2024-09-18 14:07:00+07:00,1314.2,sell,,1314.2,1309.2,1317.2,1315.1,2024-09-18 14:29:05+07:00,-0.8999999999998636,
196,2024-09-18 14:07:10+07:00,1314.1,sell,,1314.1,1309.1,1317.1,1315.1,2024-09-18 14:29:05+07:00,-1.0,
197,2024-09-19 09:00:47+07:00,1316.7,buy,,1316.7,1321.7,1313.7,1321.8,2024-09-19 10:44:00+07:00,5.029999999999909,closed
198,2024-09-19 09:00:53+07:00,1316.8,buy,,1316.8,1321.8,1313.8,1321.8,2024-09-19 10:44:00+07:00,9.959999999999908,closed
199,2024-09-19 09:00:57+07:00,1316.8,buy,,1316.8,1321.8,1313.8,1321.8,2024-09-19 10:44:00+07:00,14.889999999999908,closed
200,2024-09-19 09:01:09+07:00,1316.7,buy,,1316.7,1321.7,1313.7,1321.8,2024-09-19 10:44:00+07:00,19.919999999999817,closed
201,2024-09-19 09:01:16+07:00,1316.8,buy,,1316.8,1321.8,1313.8,1321.8,2024-09-19 10:44:00+07:00,24.849999999999817,closed
202,2024-09-19 09:00:56+07:00,1317.0,buy,,1317.0,1322.0,1314.0,1322.0,2024-09-19 10:44:04+07:00,4.93,closed
203,2024-09-19 09:01:01+07:00,1317.0,buy,,1317.0,1322.0,1314.0,1322.0,2024-09-19 10:44:04+07:00,9.86,closed
204,2024-09-19 09:01:05+07:00,1316.9,buy,,1316.9,1321.9,1313.9,1322.0,2024-09-19 10:44:04+07:00,14.889999999999908,closed
205,2024-09-19 09:01:07+07:00,1317.0,buy,,1317.0,1322.0,1314.0,1322.0,2024-09-19 10:44:04+07:00,19.819999999999908,closed
206,2024-09-19 09:00:59+07:00,1317.4,buy,,1317.4,1322.4,1314.4,1322.5,2024-09-19 10:44:08+07:00,5.029999999999909,closed
207,2024-09-19 10:44:00+07:00,1321.8,buy,,1321.8,1326.8,1318.8,1327.0,2024-09-19 14:05:22+07:00,5.130000000000045,closed
208,2024-09-19 10:44:02+07:00,1321.5,buy,,1321.5,1326.5,1318.5,1327.0,2024-09-19 14:05:22+07:00,10.560000000000045,closed
209,2024-09-19 10:44:04+07:00,1322.0,buy,,1322.0,1327.0,1319.0,1327.0,2024-09-19 14:05:22+07:00,15.490000000000045,closed
210,2024-09-19 10:44:06+07:00,1321.2,buy,,1321.2,1326.2,1318.2,1327.0,2024-09-19 14:05:22+07:00,21.22,closed
211,2024-09-19 10:44:12+07:00,1321.9,buy,,1321.9,1326.9,1318.9,1327.0,2024-09-19 14:05:22+07:00,26.249999999999908,closed
212,2024-09-19 10:44:14+07:00,1321.5,buy,,1321.5,1326.5,1318.5,1327.0,2024-09-19 14:05:22+07:00,31.679999999999907,closed
213,2024-09-19 10:44:16+07:00,1321.0,buy,,1321.0,1326.0,1318.0,1327.0,2024-09-19 14:05:22+07:00,37.60999999999991,closed
214,2024-09-19 10:44:10+07:00,1322.3,buy,,1322.3,1327.3,1319.3,1327.3,2024-09-19 14:05:33+07:00,4.93,closed
215,2024-09-19 10:44:23+07:00,1322.3,buy,,1322.3,1327.3,1319.3,1327.3,2024-09-19 14:05:33+07:00,9.86,closed
216,2024-09-19 14:05:33+07:00,1327.3,buy,,1327.3,1332.3,1324.3,1324.2,2024-09-19 14:13:05+07:00,-3.169999999999909,closed
217,2024-09-19 14:05:28+07:00,1327.1,buy,,1327.1,1332.1,1324.1,1324.1,2024-09-19 14:13:14+07:00,-3.07,closed
218,2024-09-19 14:05:22+07:00,1327.0,buy,,1327.0,1332.0,1324.0,1324.0,2024-09-19 14:20:39+07:00,-3.07,closed
219,2024-09-19 14:05:30+07:00,1327.0,buy,,1327.0,1332.0,1324.0,1324.0,2024-09-19 14:20:39+07:00,-6.140000000000001,closed
220,2024-09-19 14:05:42+07:00,1327.0,buy,,1327.0,1332.0,1324.0,1324.0,2024-09-19 14:20:39+07:00,-9.21,closed
221,2024-09-19 10:44:08+07:00,1322.5,buy,,1322.5,1327.5,1319.5,1323.9,2024-09-19 14:29:00+07:00,1.400000000000091,
222,2024-09-19 14:05:25+07:00,1326.1,buy,,1326.1,1331.1,1323.1,1323.9,2024-09-19 14:29:00+07:00,-2.199999999999818,
223,2024-09-19 14:05:36+07:00,1326.3,buy,,1326.3,1331.3,1323.3,1323.9,2024-09-19 14:29:00+07:00,-2.3999999999998636,
224,2024-09-19 14:05:38+07:00,1326.4,buy,,1326.4,1331.4,1323.4,1323.9,2024-09-19 14:29:00+07:00,-2.5,
225,2024-09-19 14:05:50+07:00,1326.3,buy,,1326.3,1331.3,1323.3,1323.9,2024-09-19 14:29:00+07:00,-2.3999999999998636,
226,2024-09-19 14:13:05+07:00,1324.2,sell,,1324.2,1319.2,1327.2,1323.9,2024-09-19 14:29:00+07:00,0.2999999999999545,
227,2024-09-19 14:13:14+07:00,1324.1,sell,,1324.1,1319.1,1327.1,1323.9,2024-09-19 14:29:00+07:00,0.1999999999998181,
228,2024-09-19 14:20:39+07:00,1324.0,sell,,1324.0,1319.0,1327.0,1323.9,2024-09-19 14:29:00+07:00,0.09999999999990905,
229,2024-09-19 14:20:50+07:00,1324.0,sell,,1324.0,1319.0,1327.0,1323.9,2024-09-19 14:29:00+07:00,0.09999999999990905,
230,2024-09-19 14:20:53+07:00,1324.1,sell,,1324.1,1319.1,1327.1,1323.9,2024-09-19 14:29:00+07:00,0.1999999999998181,
231,2024-09-20 09:02:13+07:00,1327.7,sell,,1327.7,1322.7,1330.7,1330.8,2024-09-20 09:33:20+07:00,-3.169999999999909,closed
232,2024-09-20 09:02:27+07:00,1327.7,sell,,1327.7,1322.7,1330.7,1330.8,2024-09-20 09:33:20+07:00,-6.339999999999819,closed
233,2024-09-20 09:02:17+07:00,1327.9,sell,,1327.9,1322.9,1330.9,1331.0,2024-09-20 09:33:24+07:00,-3.169999999999909,closed
234,2024-09-20 09:02:02+07:00,1328.3,sell,,1328.3,1323.3,1331.3,1331.9,2024-09-20 09:33:28+07:00,-3.6700000000001363,closed
235,2024-09-20 09:02:04+07:00,1328.1,sell,,1328.1,1323.1,1331.1,1331.9,2024-09-20 09:33:28+07:00,-7.540000000000319,closed
236,2024-09-20 09:00:31+07:00,1329.1,buy,,1329.1,1334.1,1326.1,1334.1,2024-09-20 09:46:32+07:00,4.93,closed
237,2024-09-20 09:00:40+07:00,1329.3,buy,,1329.3,1334.3,1326.3,1334.3,2024-09-20 09:46:36+07:00,4.93,closed
238,2024-09-20 09:00:46+07:00,1329.6,buy,,1329.6,1334.6,1326.6,1334.6,2024-09-20 09:46:46+07:00,4.93,closed
239,2024-09-20 09:00:54+07:00,1329.5,buy,,1329.5,1334.5,1326.5,1334.6,2024-09-20 09:46:46+07:00,9.959999999999908,closed
240,2024-09-20 09:00:51+07:00,1329.8,buy,,1329.8,1334.8,1326.8,1335.0,2024-09-20 09:47:21+07:00,5.130000000000045,closed
241,2024-09-20 09:33:20+07:00,1330.8,buy,,1330.8,1335.8,1327.8,1335.8,2024-09-20 09:48:23+07:00,4.93,closed
242,2024-09-20 09:33:21+07:00,1330.7,buy,,1330.7,1335.7,1327.7,1335.8,2024-09-20 09:48:23+07:00,9.959999999999908,closed
243,2024-09-20 09:33:24+07:00,1331.0,buy,,1331.0,1336.0,1328.0,1336.0,2024-09-20 09:48:28+07:00,4.93,closed
244,2024-09-20 09:33:30+07:00,1331.0,buy,,1331.0,1336.0,1328.0,1336.0,2024-09-20 09:48:28+07:00,9.86,closed
245,2024-09-20 09:33:28+07:00,1331.9,buy,,1331.9,1336.9,1328.9,1336.9,2024-09-20 09:49:01+07:00,4.93,closed
246,2024-09-20 09:49:01+07:00,1336.9,buy,,1336.9,1341.9,1333.9,1333.6,2024-09-20 13:51:06+07:00,-3.3700000000001817,closed
247,2024-09-20 09:48:30+07:00,1336.5,buy,,1336.5,1341.5,1333.5,1333.3,2024-09-20 13:51:19+07:00,-3.2700000000000453,closed
248,2024-09-20 09:48:30+07:00,1336.1,buy,,1336.1,1341.1,1333.1,1333.1,2024-09-20 13:51:51+07:00,-3.07,closed
249,2024-09-20 09:48:28+07:00,1336.0,buy,,1336.0,1341.0,1333.0,1333.0,2024-09-20 13:51:59+07:00,-3.07,closed
250,2024-09-20 09:48:23+07:00,1335.8,buy,,1335.8,1340.8,1332.8,1332.8,2024-09-20 13:52:10+07:00,-3.07,closed
251,2024-09-20 09:47:21+07:00,1335.0,buy,,1335.0,1340.0,1332.0,1332.0,2024-09-20 13:52:34+07:00,-3.07,closed
252,2024-09-20 09:46:46+07:00,1334.6,buy,,1334.6,1339.6,1331.6,1331.6,2024-09-20 14:23:22+07:00,-3.07,closed
253,2024-09-20 09:46:32+07:00,1334.1,buy,,1334.1,1339.1,1331.1,1331.0,2024-09-20 14:26:41+07:00,-3.169999999999909,closed
254,2024-09-20 09:46:36+07:00,1334.3,buy,,1334.3,1339.3,1331.3,1331.0,2024-09-20 14:26:41+07:00,-6.539999999999864,closed
255,2024-09-20 09:46:48+07:00,1334.4,buy,,1334.4,1339.4,1331.4,1331.0,2024-09-20 14:26:41+07:00,-10.009999999999955,closed
256,2024-09-20 13:51:06+07:00,1333.6,sell,,1333.6,1328.6,1336.6,1331.5,2024-09-20 14:29:01+07:00,2.099999999999909,
257,2024-09-20 13:51:19+07:00,1333.3,sell,,1333.3,1328.3,1336.3,1331.5,2024-09-20 14:29:01+07:00,1.7999999999999545,
258,2024-09-20 13:51:51+07:00,1333.1,sell,,1333.1,1328.1,1336.1,1331.5,2024-09-20 14:29:01+07:00,1.599999999999909,
259,2024-09-20 13:51:59+07:00,1333.0,sell,,1333.0,1328.0,1336.0,1331.5,2024-09-20 14:29:01+07:00,1.5,
260,2024-09-20 13:52:10+07:00,1332.8,sell,,1332.8,1327.8,1335.8,1331.5,2024-09-20 14:29:01+07:00,1.2999999999999545,
261,2024-09-20 13:52:34+07:00,1332.0,sell,,1332.0,1327.0,1335.0,1331.5,2024-09-20 14:29:01+07:00,0.5,
262,2024-09-20 14:23:22+07:00,1331.6,sell,,1331.6,1326.6,1334.6,1331.5,2024-09-20 14:29:01+07:00,0.09999999999990905,
263,2024-09-20 14:26:41+07:00,1331.0,sell,,1331.0,1326.0,1334.0,1331.5,2024-09-20 14:29:01+07:00,-0.5,
264,2024-09-20 14:26:57+07:00,1330.7,sell,,1330.7,1325.7,1333.7,1331.5,2024-09-20 14:29:01+07:00,-0.7999999999999545,
265,2024-09-20 14:27:00+07:00,1331.0,sell,,1331.0,1326.0,1334.0,1331.5,2024-09-20 14:29:01+07:00,-0.5,
266,2024-09-23 09:00:22+07:00,1331.3,buy,,1331.3,1336.3,1328.3,1328.3,2024-09-23 09:44:03+07:00,-3.07,closed
267,2024-09-23 09:00:45+07:00,1331.3,buy,,1331.3,1336.3,1328.3,1328.3,2024-09-23 09:44:03+07:00,-6.140000000000001,closed
268,2024-09-23 09:00:50+07:00,1331.3,buy,,1331.3,1336.3,1328.3,1328.3,2024-09-23 09:44:03+07:00,-9.21,closed
269,2024-09-23 09:00:43+07:00,1331.2,buy,,1331.2,1336.2,1328.2,1328.2,2024-09-23 09:44:10+07:00,-3.07,closed
270,2024-09-23 09:00:54+07:00,1331.2,buy,,1331.2,1336.2,1328.2,1328.2,2024-09-23 09:44:10+07:00,-6.140000000000001,closed
271,2024-09-23 09:00:47+07:00,1331.1,buy,,1331.1,1336.1,1328.1,1328.1,2024-09-23 09:44:15+07:00,-3.07,closed
272,2024-09-23 09:00:52+07:00,1331.1,buy,,1331.1,1336.1,1328.1,1328.1,2024-09-23 09:44:15+07:00,-6.140000000000001,closed
273,2024-09-23 09:00:55+07:00,1331.1,buy,,1331.1,1336.1,1328.1,1328.1,2024-09-23 09:44:15+07:00,-9.21,closed
274,2024-09-23 09:00:28+07:00,1331.0,buy,,1331.0,1336.0,1328.0,1328.0,2024-09-23 09:44:17+07:00,-3.07,closed
275,2024-09-23 09:00:49+07:00,1331.0,buy,,1331.0,1336.0,1328.0,1328.0,2024-09-23 09:44:17+07:00,-6.140000000000001,closed
276,2024-09-23 09:44:24+07:00,1327.7,sell,,1327.7,1322.7,1330.7,1330.8,2024-09-23 13:42:50+07:00,-3.169999999999909,closed
277,2024-09-23 09:44:28+07:00,1327.5,sell,,1327.5,1322.5,1330.5,1330.8,2024-09-23 13:42:50+07:00,-6.539999999999864,closed
278,2024-09-23 09:44:29+07:00,1327.7,sell,,1327.7,1322.7,1330.7,1330.8,2024-09-23 13:42:50+07:00,-9.709999999999773,closed
279,2024-09-23 13:42:50+07:00,1330.8,buy,,1330.8,1335.8,1327.8,1327.8,2024-09-23 13:50:36+07:00,-3.07,closed
280,2024-09-23 13:42:56+07:00,1330.7,buy,,1330.7,1335.7,1327.7,1327.7,2024-09-23 13:56:33+07:00,-3.07,closed
281,2024-09-23 13:42:59+07:00,1330.6,buy,,1330.6,1335.6,1327.6,1327.6,2024-09-23 14:11:17+07:00,-3.07,closed
282,2024-09-23 09:44:03+07:00,1328.3,sell,,1328.3,1323.3,1331.3,1326.2,2024-09-23 14:29:00+07:00,2.099999999999909,
283,2024-09-23 09:44:10+07:00,1328.2,sell,,1328.2,1323.2,1331.2,1326.2,2024-09-23 14:29:00+07:00,2.0,
284,2024-09-23 09:44:11+07:00,1328.3,sell,,1328.3,1323.3,1331.3,1326.2,2024-09-23 14:29:00+07:00,2.099999999999909,
285,2024-09-23 09:44:13+07:00,1328.2,sell,,1328.2,1323.2,1331.2,1326.2,2024-09-23 14:29:00+07:00,2.0,
286,2024-09-23 09:44:15+07:00,1328.1,sell,,1328.1,1323.1,1331.1,1326.2,2024-09-23 14:29:00+07:00,1.8999999999998636,
287,2024-09-23 09:44:17+07:00,1328.0,sell,,1328.0,1323.0,1331.0,1326.2,2024-09-23 14:29:00+07:00,1.7999999999999545,
288,2024-09-23 09:44:19+07:00,1327.9,sell,,1327.9,1322.9,1330.9,1326.2,2024-09-23 14:29:00+07:00,1.7000000000000455,
289,2024-09-23 13:50:36+07:00,1327.8,sell,,1327.8,1322.8,1330.8,1326.2,2024-09-23 14:29:00+07:00,1.599999999999909,
290,2024-09-23 13:56:33+07:00,1327.7,sell,,1327.7,1322.7,1330.7,1326.2,2024-09-23 14:29:00+07:00,1.5,
291,2024-09-23 14:11:17+07:00,1327.6,sell,,1327.6,1322.6,1330.6,1326.2,2024-09-23 14:29:00+07:00,1.3999999999998636,
292,2024-09-24 09:01:26+07:00,1325.3,sell,,1325.3,1320.3,1328.3,1328.3,2024-09-24 13:42:15+07:00,-3.07,closed
293,2024-09-24 09:01:18+07:00,1325.4,sell,,1325.4,1320.4,1328.4,1328.4,2024-09-24 13:42:21+07:00,-3.07,closed
294,2024-09-24 09:01:22+07:00,1325.4,sell,,1325.4,1320.4,1328.4,1328.4,2024-09-24 13:42:21+07:00,-6.140000000000001,closed
295,2024-09-24 09:01:05+07:00,1325.5,sell,,1325.5,1320.5,1328.5,1328.5,2024-09-24 13:42:26+07:00,-3.07,closed
296,2024-09-24 09:01:20+07:00,1325.5,sell,,1325.5,1320.5,1328.5,1328.5,2024-09-24 13:42:26+07:00,-6.140000000000001,closed
297,2024-09-24 09:00:56+07:00,1325.6,sell,,1325.6,1320.6,1328.6,1328.6,2024-09-24 13:42:29+07:00,-3.07,closed
298,2024-09-24 09:00:53+07:00,1325.8,sell,,1325.8,1320.8,1328.8,1328.8,2024-09-24 13:42:39+07:00,-3.07,closed
299,2024-09-24 09:00:55+07:00,1325.7,sell,,1325.7,1320.7,1328.7,1328.8,2024-09-24 13:42:39+07:00,-6.23999999999991,closed
300,2024-09-24 09:00:57+07:00,1325.7,sell,,1325.7,1320.7,1328.7,1328.8,2024-09-24 13:42:39+07:00,-9.409999999999819,closed
301,2024-09-24 09:00:50+07:00,1325.9,sell,,1325.9,1320.9,1328.9,1328.9,2024-09-24 13:42:41+07:00,-3.07,closed
302,2024-09-24 13:43:02+07:00,1328.6,buy,,1328.6,1333.6,1325.6,1333.9,2024-09-24 14:22:01+07:00,5.230000000000182,closed
303,2024-09-24 13:43:04+07:00,1328.8,buy,,1328.8,1333.8,1325.8,1333.9,2024-09-24 14:22:01+07:00,10.260000000000318,closed
304,2024-09-24 13:43:09+07:00,1328.6,buy,,1328.6,1333.6,1325.6,1333.9,2024-09-24 14:22:01+07:00,15.4900000000005,closed
305,2024-09-24 13:43:14+07:00,1328.7,buy,,1328.7,1333.7,1325.7,1333.9,2024-09-24 14:22:01+07:00,20.620000000000545,closed
306,2024-09-24 13:43:17+07:00,1328.8,buy,,1328.8,1333.8,1325.8,1333.9,2024-09-24 14:22:01+07:00,25.65000000000068,closed
307,2024-09-24 13:43:19+07:00,1328.7,buy,,1328.7,1333.7,1325.7,1333.9,2024-09-24 14:22:01+07:00,30.780000000000726,closed
308,2024-09-24 13:43:21+07:00,1328.8,buy,,1328.8,1333.8,1325.8,1333.9,2024-09-24 14:22:01+07:00,35.81000000000086,closed
309,2024-09-24 13:43:31+07:00,1328.7,buy,,1328.7,1333.7,1325.7,1333.9,2024-09-24 14:22:01+07:00,40.94000000000091,closed
310,2024-09-24 13:43:33+07:00,1328.8,buy,,1328.8,1333.8,1325.8,1333.9,2024-09-24 14:22:01+07:00,45.97000000000104,closed
311,2024-09-24 13:43:35+07:00,1328.6,buy,,1328.6,1333.6,1325.6,1333.9,2024-09-24 14:22:01+07:00,51.200000000001225,closed
312,2024-09-24 14:22:01+07:00,1333.9,buy,,1333.9,1338.9,1330.9,1333.9,2024-09-24 14:29:01+07:00,0.0,
313,2024-09-24 14:22:09+07:00,1334.2,buy,,1334.2,1339.2,1331.2,1333.9,2024-09-24 14:29:01+07:00,-0.2999999999999545,
314,2024-09-24 14:22:12+07:00,1334.5,buy,,1334.5,1339.5,1331.5,1333.9,2024-09-24 14:29:01+07:00,-0.599999999999909,
315,2024-09-24 14:22:15+07:00,1334.2,buy,,1334.2,1339.2,1331.2,1333.9,2024-09-24 14:29:01+07:00,-0.2999999999999545,
316,2024-09-24 14:22:18+07:00,1334.4,buy,,1334.4,1339.4,1331.4,1333.9,2024-09-24 14:29:01+07:00,-0.5,
317,2024-09-24 14:22:21+07:00,1334.3,buy,,1334.3,1339.3,1331.3,1333.9,2024-09-24 14:29:01+07:00,-0.3999999999998636,
318,2024-09-24 14:22:25+07:00,1334.2,buy,,1334.2,1339.2,1331.2,1333.9,2024-09-24 14:29:01+07:00,-0.2999999999999545,
319,2024-09-24 14:22:34+07:00,1334.3,buy,,1334.3,1339.3,1331.3,1333.9,2024-09-24 14:29:01+07:00,-0.3999999999998636,
320,2024-09-24 14:22:43+07:00,1334.1,buy,,1334.1,1339.1,1331.1,1333.9,2024-09-24 14:29:01+07:00,-0.1999999999998181,
321,2024-09-24 14:22:52+07:00,1334.2,buy,,1334.2,1339.2,1331.2,1333.9,2024-09-24 14:29:01+07:00,-0.2999999999999545,
322,2024-09-25 09:00:54+07:00,1337.0,buy,,1337.0,1342.0,1334.0,1342.0,2024-09-25 09:52:02+07:00,4.93,closed
323,2024-09-25 09:01:08+07:00,1337.0,buy,,1337.0,1342.0,1334.0,1342.0,2024-09-25 09:52:02+07:00,9.86,closed
324,2024-09-25 09:01:02+07:00,1337.1,buy,,1337.1,1342.1,1334.1,1342.1,2024-09-25 09:52:06+07:00,4.93,closed
325,2024-09-25 09:01:04+07:00,1337.1,buy,,1337.1,1342.1,1334.1,1342.1,2024-09-25 09:52:06+07:00,9.86,closed
326,2024-09-25 09:01:09+07:00,1337.1,buy,,1337.1,1342.1,1334.1,1342.1,2024-09-25 09:52:06+07:00,14.79,closed
327,2024-09-25 09:01:10+07:00,1337.1,buy,,1337.1,1342.1,1334.1,1342.1,2024-09-25 09:52:06+07:00,19.72,closed
328,2024-09-25 09:01:03+07:00,1337.2,buy,,1337.2,1342.2,1334.2,1342.2,2024-09-25 09:52:18+07:00,4.93,closed
329,2024-09-25 09:01:09+07:00,1337.2,buy,,1337.2,1342.2,1334.2,1342.2,2024-09-25 09:52:18+07:00,9.86,closed
330,2024-09-25 09:00:52+07:00,1337.3,buy,,1337.3,1342.3,1334.3,1342.4,2024-09-25 09:52:22+07:00,5.030000000000136,closed
331,2024-09-25 09:00:55+07:00,1337.3,buy,,1337.3,1342.3,1334.3,1342.4,2024-09-25 09:52:22+07:00,10.060000000000272,closed
332,2024-09-25 09:52:04+07:00,1341.9,buy,,1341.9,1346.9,1338.9,1346.9,2024-09-25 11:11:20+07:00,4.93,closed
333,2024-09-25 09:52:02+07:00,1342.0,buy,,1342.0,1347.0,1339.0,1347.0,2024-09-25 11:12:58+07:00,4.93,closed
334,2024-09-25 09:52:08+07:00,1342.0,buy,,1342.0,1347.0,1339.0,1347.0,2024-09-25 11:12:58+07:00,9.86,closed
335,2024-09-25 09:52:06+07:00,1342.1,buy,,1342.1,1347.1,1339.1,1347.1,2024-09-25 11:13:02+07:00,4.93,closed
336,2024-09-25 09:52:10+07:00,1342.1,buy,,1342.1,1347.1,1339.1,1347.1,2024-09-25 11:13:02+07:00,9.86,closed
337,2024-09-25 09:52:20+07:00,1342.1,buy,,1342.1,1347.1,1339.1,1347.1,2024-09-25 11:13:02+07:00,14.79,closed
338,2024-09-25 09:52:18+07:00,1342.2,buy,,1342.2,1347.2,1339.2,1347.3,2024-09-25 11:13:08+07:00,5.029999999999909,closed
339,2024-09-25 09:52:24+07:00,1342.3,buy,,1342.3,1347.3,1339.3,1347.3,2024-09-25 11:13:08+07:00,9.959999999999908,closed
340,2024-09-25 09:52:22+07:00,1342.4,buy,,1342.4,1347.4,1339.4,1347.4,2024-09-25 11:14:10+07:00,4.93,closed
341,2024-09-25 09:52:26+07:00,1342.5,buy,,1342.5,1347.5,1339.5,1347.5,2024-09-25 11:14:17+07:00,4.93,closed
342,2024-09-25 11:12:58+07:00,1347.0,buy,,1347.0,1352.0,1344.0,1344.0,2024-09-25 13:39:28+07:00,-3.07,closed
343,2024-09-25 11:13:02+07:00,1347.1,buy,,1347.1,1352.1,1344.1,1344.0,2024-09-25 13:39:28+07:00,-6.23999999999991,closed
344,2024-09-25 11:13:04+07:00,1347.0,buy,,1347.0,1352.0,1344.0,1344.0,2024-09-25 13:39:28+07:00,-9.30999999999991,closed
345,2024-09-25 11:13:08+07:00,1347.3,buy,,1347.3,1352.3,1344.3,1344.0,2024-09-25 13:39:28+07:00,-12.679999999999865,closed
346,2024-09-25 11:13:10+07:00,1347.0,buy,,1347.0,1352.0,1344.0,1344.0,2024-09-25 13:39:28+07:00,-15.749999999999865,closed
347,2024-09-25 11:14:10+07:00,1347.4,buy,,1347.4,1352.4,1344.4,1344.0,2024-09-25 13:39:28+07:00,-19.219999999999956,closed
348,2024-09-25 11:14:17+07:00,1347.5,buy,,1347.5,1352.5,1344.5,1344.0,2024-09-25 13:39:28+07:00,-22.789999999999957,closed
349,2024-09-25 11:11:20+07:00,1346.9,buy,,1346.9,1351.9,1343.9,1343.8,2024-09-25 13:45:12+07:00,-3.1700000000001363,closed
350,2024-09-25 11:13:00+07:00,1346.9,buy,,1346.9,1351.9,1343.9,1343.8,2024-09-25 13:45:12+07:00,-6.340000000000273,closed
351,2024-09-25 11:13:13+07:00,1346.9,buy,,1346.9,1351.9,1343.9,1343.8,2024-09-25 13:45:12+07:00,-9.51000000000041,closed
352,2024-09-25 13:46:06+07:00,1343.3,sell,,1343.3,1338.3,1346.3,1346.3,2024-09-25 14:28:25+07:00,-3.07,closed
353,2024-09-25 13:46:01+07:00,1343.4,sell,,1343.4,1338.4,1346.4,1346.4,2024-09-25 14:28:28+07:00,-3.07,closed
354,2024-09-25 13:39:28+07:00,1344.0,sell,,1344.0,1339.0,1347.0,1344.9,2024-09-25 14:29:01+07:00,-0.900000000000091,
355,2024-09-25 13:39:30+07:00,1344.7,sell,,1344.7,1339.7,1347.7,1344.9,2024-09-25 14:29:01+07:00,-0.20000000000004547,
356,2024-09-25 13:39:33+07:00,1344.1,sell,,1344.1,1339.1,1347.1,1344.9,2024-09-25 14:29:01+07:00,-0.8000000000001819,
357,2024-09-25 13:39:35+07:00,1344.5,sell,,1344.5,1339.5,1347.5,1344.9,2024-09-25 14:29:01+07:00,-0.40000000000009095,
358,2024-09-25 13:39:43+07:00,1344.2,sell,,1344.2,1339.2,1347.2,1344.9,2024-09-25 14:29:01+07:00,-0.7000000000000455,
359,2024-09-25 13:39:46+07:00,1344.4,sell,,1344.4,1339.4,1347.4,1344.9,2024-09-25 14:29:01+07:00,-0.5,
360,2024-09-25 13:39:48+07:00,1344.3,sell,,1344.3,1339.3,1347.3,1344.9,2024-09-25 14:29:01+07:00,-0.6000000000001364,
361,2024-09-25 13:46:03+07:00,1343.5,sell,,1343.5,1338.5,1346.5,1344.9,2024-09-25 14:29:01+07:00,-1.400000000000091,
362,2024-09-25 14:28:43+07:00,1344.6,sell,,1344.6,1339.6,1347.6,1344.9,2024-09-25 14:29:01+07:00,-0.3000000000001819,
363,2024-09-25 14:28:54+07:00,1344.6,sell,,1344.6,1339.6,1347.6,1344.9,2024-09-25 14:29:01+07:00,-0.3000000000001819,
364,2024-09-26 09:00:41+07:00,1345.6,sell,,1345.6,1340.6,1348.6,1348.6,2024-09-26 09:38:39+07:00,-3.07,closed
365,2024-09-26 09:00:48+07:00,1345.7,sell,,1345.7,1340.7,1348.7,1348.7,2024-09-26 09:38:48+07:00,-3.07,closed
366,2024-09-26 09:00:45+07:00,1345.8,sell,,1345.8,1340.8,1348.8,1348.8,2024-09-26 09:38:54+07:00,-3.07,closed
367,2024-09-26 09:00:55+07:00,1345.8,sell,,1345.8,1340.8,1348.8,1348.8,2024-09-26 09:38:54+07:00,-6.140000000000001,closed
368,2024-09-26 09:00:47+07:00,1346.0,sell,,1346.0,1341.0,1349.0,1349.0,2024-09-26 09:41:58+07:00,-3.07,closed
369,2024-09-26 09:00:51+07:00,1346.0,sell,,1346.0,1341.0,1349.0,1349.0,2024-09-26 09:41:58+07:00,-6.140000000000001,closed
370,2024-09-26 09:00:50+07:00,1346.1,sell,,1346.1,1341.1,1349.1,1349.3,2024-09-26 09:42:04+07:00,-3.2700000000000453,closed
371,2024-09-26 09:00:56+07:00,1346.1,sell,,1346.1,1341.1,1349.1,1349.3,2024-09-26 09:42:04+07:00,-6.5400000000000915,closed
372,2024-09-26 09:00:57+07:00,1346.2,sell,,1346.2,1341.2,1349.2,1349.3,2024-09-26 09:42:04+07:00,-9.71,closed
373,2024-09-26 09:00:58+07:00,1346.4,sell,,1346.4,1341.4,1349.4,1349.4,2024-09-26 09:43:35+07:00,-3.07,closed
374,2024-09-26 09:38:39+07:00,1348.6,buy,,1348.6,1353.6,1345.6,1353.6,2024-09-26 09:51:47+07:00,4.93,closed
375,2024-09-26 09:38:48+07:00,1348.7,buy,,1348.7,1353.7,1345.7,1353.9,2024-09-26 09:51:54+07:00,5.130000000000045,closed
376,2024-09-26 09:38:54+07:00,1348.8,buy,,1348.8,1353.8,1345.8,1353.9,2024-09-26 09:51:54+07:00,10.160000000000181,closed
377,2024-09-26 09:38:56+07:00,1348.9,buy,,1348.9,1353.9,1345.9,1353.9,2024-09-26 09:51:54+07:00,15.090000000000181,closed
378,2024-09-26 09:41:58+07:00,1349.0,buy,,1349.0,1354.0,1346.0,1354.0,2024-09-26 09:51:58+07:00,4.93,closed
379,2024-09-26 09:43:12+07:00,1349.0,buy,,1349.0,1354.0,1346.0,1354.0,2024-09-26 09:51:58+07:00,9.86,closed
380,2024-09-26 09:43:14+07:00,1349.1,buy,,1349.1,1354.1,1346.1,1354.3,2024-09-26 09:52:02+07:00,5.130000000000045,closed
381,2024-09-26 09:43:26+07:00,1349.2,buy,,1349.2,1354.2,1346.2,1354.3,2024-09-26 09:52:02+07:00,10.159999999999954,closed
382,2024-09-26 09:43:33+07:00,1349.3,buy,,1349.3,1354.3,1346.3,1354.3,2024-09-26 09:52:02+07:00,15.089999999999954,closed
383,2024-09-26 09:52:02+07:00,1354.3,buy,,1354.3,1359.3,1351.3,1351.3,2024-09-26 10:03:36+07:00,-3.07,closed
384,2024-09-26 09:52:08+07:00,1354.3,buy,,1354.3,1359.3,1351.3,1351.3,2024-09-26 10:03:36+07:00,-6.140000000000001,closed
385,2024-09-26 09:43:35+07:00,1349.4,buy,,1349.4,1354.4,1346.4,1354.4,2024-09-26 10:31:32+07:00,4.93,closed
386,2024-09-26 10:03:36+07:00,1351.3,sell,,1351.3,1346.3,1354.3,1354.4,2024-09-26 10:31:32+07:00,1.7599999999998632,closed
387,2024-09-26 10:03:38+07:00,1351.4,sell,,1351.4,1346.4,1354.4,1354.4,2024-09-26 10:31:32+07:00,-1.3100000000001368,closed
388,2024-09-26 09:51:47+07:00,1353.6,buy,,1353.6,1358.6,1350.6,1358.7,2024-09-26 13:07:57+07:00,5.030000000000136,closed
389,2024-09-26 09:51:56+07:00,1353.6,buy,,1353.6,1358.6,1350.6,1358.7,2024-09-26 13:07:57+07:00,10.060000000000272,closed
390,2024-09-26 09:51:54+07:00,1353.9,buy,,1353.9,1358.9,1350.9,1358.9,2024-09-26 13:11:45+07:00,4.93,closed
391,2024-09-26 09:52:00+07:00,1353.9,buy,,1353.9,1358.9,1350.9,1358.9,2024-09-26 13:11:45+07:00,9.86,closed
392,2024-09-26 09:51:58+07:00,1354.0,buy,,1354.0,1359.0,1351.0,1359.0,2024-09-26 13:11:50+07:00,4.93,closed
393,2024-09-26 09:52:04+07:00,1354.0,buy,,1354.0,1359.0,1351.0,1359.0,2024-09-26 13:11:50+07:00,9.86,closed
394,2024-09-26 09:52:10+07:00,1354.0,buy,,1354.0,1359.0,1351.0,1359.0,2024-09-26 13:11:50+07:00,14.79,closed
395,2024-09-26 10:31:34+07:00,1354.2,buy,,1354.2,1359.2,1351.2,1359.2,2024-09-26 13:11:55+07:00,4.93,closed
396,2024-09-26 10:31:38+07:00,1354.1,buy,,1354.1,1359.1,1351.1,1359.2,2024-09-26 13:11:55+07:00,9.960000000000136,closed
397,2024-09-26 10:31:32+07:00,1354.4,buy,,1354.4,1359.4,1351.4,1359.4,2024-09-26 13:12:00+07:00,4.93,closed
398,2024-09-26 13:07:57+07:00,1358.7,buy,,1358.7,1363.7,1355.7,1363.9,2024-09-26 13:50:03+07:00,5.130000000000045,closed
399,2024-09-26 13:07:59+07:00,1358.8,buy,,1358.8,1363.8,1355.8,1363.9,2024-09-26 13:50:03+07:00,10.160000000000181,closed
400,2024-09-26 13:11:45+07:00,1358.9,buy,,1358.9,1363.9,1355.9,1363.9,2024-09-26 13:50:03+07:00,15.090000000000181,closed
401,2024-09-26 13:11:50+07:00,1359.0,buy,,1359.0,1364.0,1356.0,1364.3,2024-09-26 13:51:28+07:00,5.229999999999954,closed
402,2024-09-26 13:11:55+07:00,1359.2,buy,,1359.2,1364.2,1356.2,1364.3,2024-09-26 13:51:28+07:00,10.259999999999863,closed
403,2024-09-26 13:12:56+07:00,1359.2,buy,,1359.2,1364.2,1356.2,1364.3,2024-09-26 13:51:28+07:00,15.289999999999772,closed
404,2024-09-26 13:12:58+07:00,1359.4,buy,,1359.4,1364.4,1356.4,1364.4,2024-09-26 13:55:27+07:00,4.93,closed
405,2024-09-26 13:12:36+07:00,1359.7,buy,,1359.7,1364.7,1356.7,1364.7,2024-09-26 13:56:09+07:00,4.93,closed
406,2024-09-26 13:12:45+07:00,1359.5,buy,,1359.5,1364.5,1356.5,1364.7,2024-09-26 13:56:09+07:00,10.060000000000045,closed
407,2024-09-26 13:12:51+07:00,1359.6,buy,,1359.6,1364.6,1356.6,1364.7,2024-09-26 13:56:09+07:00,15.090000000000181,closed
408,2024-09-26 13:56:09+07:00,1364.7,buy,,1364.7,1369.7,1361.7,1361.5,2024-09-26 14:19:10+07:00,-3.2700000000000453,closed
409,2024-09-26 13:55:27+07:00,1364.4,buy,,1364.4,1369.4,1361.4,1361.3,2024-09-26 14:19:17+07:00,-3.1700000000001363,closed
410,2024-09-26 13:56:18+07:00,1364.4,buy,,1364.4,1369.4,1361.4,1361.3,2024-09-26 14:19:17+07:00,-6.340000000000273,closed
411,2024-09-26 13:50:03+07:00,1363.9,buy,,1363.9,1368.9,1360.9,1360.7,2024-09-26 14:19:21+07:00,-3.2700000000000453,closed
412,2024-09-26 13:51:35+07:00,1364.1,buy,,1364.1,1369.1,1361.1,1360.7,2024-09-26 14:19:21+07:00,-6.73999999999991,closed
413,2024-09-26 13:51:46+07:00,1364.2,buy,,1364.2,1369.2,1361.2,1360.7,2024-09-26 14:19:21+07:00,-10.30999999999991,closed
414,2024-09-26 13:51:49+07:00,1364.1,buy,,1364.1,1369.1,1361.1,1360.7,2024-09-26 14:19:21+07:00,-13.779999999999774,closed
415,2024-09-26 13:56:12+07:00,1364.2,buy,,1364.2,1369.2,1361.2,1360.7,2024-09-26 14:19:21+07:00,-17.349999999999774,closed
416,2024-09-26 13:50:06+07:00,1363.4,buy,,1363.4,1368.4,1360.4,1360.1,2024-09-26 14:20:01+07:00,-3.3700000000001817,closed
417,2024-09-26 13:50:09+07:00,1363.5,buy,,1363.5,1368.5,1360.5,1360.1,2024-09-26 14:20:01+07:00,-6.840000000000273,closed
418,2024-09-26 14:19:10+07:00,1361.5,sell,,1361.5,1356.5,1364.5,1359.6,2024-09-26 14:29:03+07:00,1.900000000000091,
419,2024-09-26 14:19:17+07:00,1361.3,sell,,1361.3,1356.3,1364.3,1359.6,2024-09-26 14:29:03+07:00,1.7000000000000455,
420,2024-09-26 14:19:21+07:00,1360.7,sell,,1360.7,1355.7,1363.7,1359.6,2024-09-26 14:29:03+07:00,1.1000000000001364,
421,2024-09-26 14:19:24+07:00,1361.3,sell,,1361.3,1356.3,1364.3,1359.6,2024-09-26 14:29:03+07:00,1.7000000000000455,
422,2024-09-26 14:19:28+07:00,1361.1,sell,,1361.1,1356.1,1364.1,1359.6,2024-09-26 14:29:03+07:00,1.5,
423,2024-09-26 14:19:35+07:00,1361.3,sell,,1361.3,1356.3,1364.3,1359.6,2024-09-26 14:29:03+07:00,1.7000000000000455,
424,2024-09-26 14:20:01+07:00,1360.1,sell,,1360.1,1355.1,1363.1,1359.6,2024-09-26 14:29:03+07:00,0.5,
425,2024-09-26 14:20:04+07:00,1360.9,sell,,1360.9,1355.9,1363.9,1359.6,2024-09-26 14:29:03+07:00,1.300000000000182,
426,2024-09-26 14:20:08+07:00,1360.6,sell,,1360.6,1355.6,1363.6,1359.6,2024-09-26 14:29:03+07:00,1.0,
427,2024-09-26 14:20:11+07:00,1360.0,sell,,1360.0,1355.0,1363.0,1359.6,2024-09-26 14:29:03+07:00,0.40000000000009095,
428,2024-09-27 09:00:49+07:00,1357.7,buy,,1357.7,1362.7,1354.7,1362.7,2024-09-27 09:42:24+07:00,4.93,closed
429,2024-09-27 09:00:57+07:00,1357.7,buy,,1357.7,1362.7,1354.7,1362.7,2024-09-27 09:42:24+07:00,9.86,closed
430,2024-09-27 09:01:00+07:00,1357.7,buy,,1357.7,1362.7,1354.7,1362.7,2024-09-27 09:42:24+07:00,14.79,closed
431,2024-09-27 09:01:05+07:00,1357.7,buy,,1357.7,1362.7,1354.7,1362.7,2024-09-27 09:42:24+07:00,19.72,closed
432,2024-09-27 09:00:50+07:00,1357.8,buy,,1357.8,1362.8,1354.8,1362.8,2024-09-27 09:43:24+07:00,4.93,closed
433,2024-09-27 09:00:55+07:00,1357.8,buy,,1357.8,1362.8,1354.8,1362.8,2024-09-27 09:43:24+07:00,9.86,closed
434,2024-09-27 09:00:58+07:00,1357.8,buy,,1357.8,1362.8,1354.8,1362.8,2024-09-27 09:43:24+07:00,14.79,closed
435,2024-09-27 09:00:53+07:00,1358.0,buy,,1358.0,1363.0,1355.0,1363.0,2024-09-27 09:43:38+07:00,4.93,closed
436,2024-09-27 09:01:04+07:00,1358.0,buy,,1358.0,1363.0,1355.0,1363.0,2024-09-27 09:43:38+07:00,9.86,closed
437,2024-09-27 09:00:45+07:00,1358.1,buy,,1358.1,1363.1,1355.1,1363.1,2024-09-27 09:43:47+07:00,4.93,closed
438,2024-09-27 09:43:47+07:00,1363.1,buy,,1363.1,1368.1,1360.1,1360.1,2024-09-27 09:55:54+07:00,-3.07,closed
439,2024-09-27 09:43:53+07:00,1363.1,buy,,1363.1,1368.1,1360.1,1360.1,2024-09-27 09:55:54+07:00,-6.140000000000001,closed
440,2024-09-27 09:43:38+07:00,1363.0,buy,,1363.0,1368.0,1360.0,1360.0,2024-09-27 09:56:01+07:00,-3.07,closed
441,2024-09-27 09:43:50+07:00,1363.0,buy,,1363.0,1368.0,1360.0,1360.0,2024-09-27 09:56:01+07:00,-6.140000000000001,closed
442,2024-09-27 09:44:00+07:00,1363.0,buy,,1363.0,1368.0,1360.0,1360.0,2024-09-27 09:56:01+07:00,-9.21,closed
443,2024-09-27 09:43:58+07:00,1362.8,buy,,1362.8,1367.8,1359.8,1359.8,2024-09-27 09:58:04+07:00,-3.07,closed
444,2024-09-27 09:42:24+07:00,1362.7,buy,,1362.7,1367.7,1359.7,1359.7,2024-09-27 09:58:06+07:00,-3.07,closed
445,2024-09-27 09:42:28+07:00,1362.6,buy,,1362.6,1367.6,1359.6,1359.5,2024-09-27 09:58:16+07:00,-3.169999999999909,closed
446,2024-09-27 09:42:33+07:00,1362.5,buy,,1362.5,1367.5,1359.5,1359.5,2024-09-27 09:58:16+07:00,-6.23999999999991,closed
447,2024-09-27 09:42:37+07:00,1362.6,buy,,1362.6,1367.6,1359.6,1359.5,2024-09-27 09:58:16+07:00,-9.409999999999819,closed
448,2024-09-27 09:55:56+07:00,1360.4,sell,,1360.4,1355.4,1363.4,1355.3,2024-09-27 10:12:05+07:00,5.030000000000136,closed
449,2024-09-27 09:55:54+07:00,1360.1,sell,,1360.1,1355.1,1363.1,1354.8,2024-09-27 10:12:08+07:00,5.229999999999954,closed
450,2024-09-27 09:56:01+07:00,1360.0,sell,,1360.0,1355.0,1363.0,1354.8,2024-09-27 10:12:08+07:00,10.36,closed
451,2024-09-27 09:56:02+07:00,1360.1,sell,,1360.1,1355.1,1363.1,1354.8,2024-09-27 10:12:08+07:00,15.589999999999954,closed
452,2024-09-27 09:56:04+07:00,1360.0,sell,,1360.0,1355.0,1363.0,1354.8,2024-09-27 10:12:08+07:00,20.72,closed
453,2024-09-27 09:58:04+07:00,1359.8,sell,,1359.8,1354.8,1362.8,1354.8,2024-09-27 10:12:08+07:00,25.65,closed
454,2024-09-27 09:58:06+07:00,1359.7,sell,,1359.7,1354.7,1362.7,1354.0,2024-09-27 10:12:12+07:00,5.630000000000045,closed
455,2024-09-27 09:58:16+07:00,1359.5,sell,,1359.5,1354.5,1362.5,1354.0,2024-09-27 10:12:12+07:00,11.060000000000045,closed
456,2024-09-27 09:58:18+07:00,1359.6,sell,,1359.6,1354.6,1362.6,1354.0,2024-09-27 10:12:12+07:00,16.589999999999954,closed
457,2024-09-27 09:58:23+07:00,1359.5,sell,,1359.5,1354.5,1362.5,1354.0,2024-09-27 10:12:12+07:00,22.019999999999953,closed
458,2024-09-27 10:12:12+07:00,1354.0,sell,,1354.0,1349.0,1357.0,1357.0,2024-09-27 10:51:33+07:00,-3.07,closed
459,2024-09-27 10:12:20+07:00,1354.4,sell,,1354.4,1349.4,1357.4,1357.4,2024-09-27 10:53:18+07:00,-3.07,closed
460,2024-09-27 10:12:08+07:00,1354.8,sell,,1354.8,1349.8,1357.8,1357.9,2024-09-27 10:56:26+07:00,-3.1700000000001363,closed
461,2024-09-27 10:12:18+07:00,1354.9,sell,,1354.9,1349.9,1357.9,1357.9,2024-09-27 10:56:26+07:00,-6.240000000000137,closed
462,2024-09-27 10:12:25+07:00,1354.9,sell,,1354.9,1349.9,1357.9,1357.9,2024-09-27 10:56:26+07:00,-9.310000000000137,closed
463,2024-09-27 10:12:29+07:00,1354.8,sell,,1354.8,1349.8,1357.8,1357.9,2024-09-27 10:56:26+07:00,-12.480000000000274,closed
464,2024-09-27 10:12:23+07:00,1355.0,sell,,1355.0,1350.0,1358.0,1358.0,2024-09-27 10:57:17+07:00,-3.07,closed
465,2024-09-27 10:12:10+07:00,1355.1,sell,,1355.1,1350.1,1358.1,1358.1,2024-09-27 10:57:22+07:00,-3.07,closed
466,2024-09-27 10:12:05+07:00,1355.3,sell,,1355.3,1350.3,1358.3,1358.3,2024-09-27 10:57:24+07:00,-3.07,closed
467,2024-09-27 10:12:14+07:00,1355.2,sell,,1355.2,1350.2,1358.2,1358.3,2024-09-27 10:57:24+07:00,-6.23999999999991,closed
468,2024-09-27 10:57:26+07:00,1358.6,buy,,1358.6,1363.6,1355.6,1355.6,2024-09-27 13:30:51+07:00,-3.07,closed
469,2024-09-27 10:57:24+07:00,1358.3,buy,,1358.3,1363.3,1355.3,1355.3,2024-09-27 13:37:48+07:00,-3.07,closed
470,2024-09-27 10:57:22+07:00,1358.1,buy,,1358.1,1363.1,1355.1,1355.1,2024-09-27 13:37:56+07:00,-3.07,closed
471,2024-09-27 10:57:17+07:00,1358.0,buy,,1358.0,1363.0,1355.0,1355.0,2024-09-27 13:37:59+07:00,-3.07,closed
472,2024-09-27 10:56:26+07:00,1357.9,buy,,1357.9,1362.9,1354.9,1354.9,2024-09-27 13:38:01+07:00,-3.07,closed
473,2024-09-27 10:56:32+07:00,1357.9,buy,,1357.9,1362.9,1354.9,1354.9,2024-09-27 13:38:01+07:00,-6.140000000000001,closed
474,2024-09-27 10:56:28+07:00,1357.7,buy,,1357.7,1362.7,1354.7,1354.7,2024-09-27 13:38:05+07:00,-3.07,closed
475,2024-09-27 10:56:30+07:00,1357.8,buy,,1357.8,1362.8,1354.8,1354.7,2024-09-27 13:38:05+07:00,-6.23999999999991,closed
476,2024-09-27 13:38:01+07:00,1354.9,sell,,1354.9,1349.9,1357.9,1357.9,2024-09-27 13:45:39+07:00,-3.07,closed
477,2024-09-27 13:38:05+07:00,1354.7,sell,,1354.7,1349.7,1357.7,1357.9,2024-09-27 13:45:39+07:00,-6.340000000000046,closed
478,2024-09-27 13:38:08+07:00,1354.8,sell,,1354.8,1349.8,1357.8,1357.9,2024-09-27 13:45:39+07:00,-9.510000000000183,closed
479,2024-09-27 13:37:59+07:00,1355.0,sell,,1355.0,1350.0,1358.0,1358.0,2024-09-27 13:45:52+07:00,-3.07,closed
480,2024-09-27 13:38:11+07:00,1355.0,sell,,1355.0,1350.0,1358.0,1358.0,2024-09-27 13:45:52+07:00,-6.140000000000001,closed
481,2024-09-27 13:37:48+07:00,1355.3,sell,,1355.3,1350.3,1358.3,1358.4,2024-09-27 13:45:58+07:00,-3.1700000000001363,closed
482,2024-09-27 13:37:56+07:00,1355.1,sell,,1355.1,1350.1,1358.1,1358.4,2024-09-27 13:45:58+07:00,-6.540000000000319,closed
483,2024-09-27 13:30:51+07:00,1355.6,sell,,1355.6,1350.6,1358.6,1358.6,2024-09-27 13:46:22+07:00,-3.07,closed
484,2024-09-27 13:45:58+07:00,1358.4,buy,,1358.4,1363.4,1355.4,1355.3,2024-09-27 13:51:11+07:00,-3.1700000000001363,closed
485,2024-09-27 13:45:52+07:00,1358.0,buy,,1358.0,1363.0,1355.0,1355.0,2024-09-27 13:51:20+07:00,-3.07,closed
486,2024-09-27 13:47:01+07:00,1358.2,buy,,1358.2,1363.2,1355.2,1355.0,2024-09-27 13:51:20+07:00,-6.340000000000046,closed
487,2024-09-27 13:47:04+07:00,1358.0,buy,,1358.0,1363.0,1355.0,1355.0,2024-09-27 13:51:20+07:00,-9.410000000000046,closed
488,2024-09-27 13:47:07+07:00,1358.2,buy,,1358.2,1363.2,1355.2,1355.0,2024-09-27 13:51:20+07:00,-12.680000000000092,closed
489,2024-09-27 13:47:10+07:00,1358.1,buy,,1358.1,1363.1,1355.1,1355.0,2024-09-27 13:51:20+07:00,-15.850000000000001,closed
490,2024-09-27 13:45:39+07:00,1357.9,buy,,1357.9,1362.9,1354.9,1354.8,2024-09-27 13:51:24+07:00,-3.1700000000001363,closed
491,2024-09-27 13:45:43+07:00,1357.8,buy,,1357.8,1362.8,1354.8,1354.8,2024-09-27 13:51:24+07:00,-6.240000000000137,closed
492,2024-09-27 10:53:18+07:00,1357.4,buy,,1357.4,1362.4,1354.4,1354.3,2024-09-27 13:57:05+07:00,-3.1700000000001363,closed
493,2024-09-27 10:51:33+07:00,1357.0,buy,,1357.0,1362.0,1354.0,1353.9,2024-09-27 13:57:21+07:00,-3.169999999999909,closed
494,2024-09-27 13:57:21+07:00,1353.9,sell,,1353.9,1348.9,1356.9,1356.9,2024-09-27 14:04:39+07:00,-3.07,closed
495,2024-09-27 14:05:02+07:00,1356.3,sell,,1356.3,1351.3,1359.3,1351.3,2024-09-27 14:18:05+07:00,4.93,closed
496,2024-09-27 14:18:05+07:00,1351.3,sell,,1351.3,1346.3,1354.3,1354.3,2024-09-27 14:23:31+07:00,-3.07,closed
497,2024-09-27 13:52:00+07:00,1355.3,sell,,1355.3,1350.3,1358.3,1355.9,2024-09-27 14:29:01+07:00,-0.6000000000001364,
498,2024-09-27 13:52:03+07:00,1355.6,sell,,1355.6,1350.6,1358.6,1355.9,2024-09-27 14:29:01+07:00,-0.3000000000001819,
499,2024-09-27 13:52:07+07:00,1355.4,sell,,1355.4,1350.4,1358.4,1355.9,2024-09-27 14:29:01+07:00,-0.5,
500,2024-09-27 13:52:10+07:00,1355.7,sell,,1355.7,1350.7,1358.7,1355.9,2024-09-27 14:29:01+07:00,-0.20000000000004547,
501,2024-09-27 13:52:13+07:00,1355.4,sell,,1355.4,1350.4,1358.4,1355.9,2024-09-27 14:29:01+07:00,-0.5,
502,2024-09-27 13:52:16+07:00,1355.6,sell,,1355.6,1350.6,1358.6,1355.9,2024-09-27 14:29:01+07:00,-0.3000000000001819,
503,2024-09-27 13:52:19+07:00,1355.7,sell,,1355.7,1350.7,1358.7,1355.9,2024-09-27 14:29:01+07:00,-0.20000000000004547,
504,2024-09-27 13:52:22+07:00,1355.6,sell,,1355.6,1350.6,1358.6,1355.9,2024-09-27 14:29:01+07:00,-0.3000000000001819,
505,2024-09-27 13:57:05+07:00,1354.3,sell,,1354.3,1349.3,1357.3,1355.9,2024-09-27 14:29:01+07:00,-1.6000000000001364,
506,2024-09-27 14:23:31+07:00,1354.3,buy,,1354.3,1359.3,1351.3,1355.9,2024-09-27 14:29:01+07:00,1.6000000000001364,
507,2024-09-30 09:04:01+07:00,1351.9,buy,,1351.9,1356.9,1348.9,1356.1,2024-09-30 14:29:04+07:00,4.199999999999818,
508,2024-09-30 09:04:05+07:00,1351.8,buy,,1351.8,1356.8,1348.8,1356.1,2024-09-30 14:29:04+07:00,4.2999999999999545,
509,2024-09-30 09:04:06+07:00,1351.9,buy,,1351.9,1356.9,1348.9,1356.1,2024-09-30 14:29:04+07:00,4.199999999999818,
510,2024-09-30 09:04:16+07:00,1352.1,buy,,1352.1,1357.1,1349.1,1356.1,2024-09-30 14:29:04+07:00,4.0,
511,2024-09-30 09:04:18+07:00,1352.2,buy,,1352.2,1357.2,1349.2,1356.1,2024-09-30 14:29:04+07:00,3.8999999999998636,
512,2024-09-30 09:04:20+07:00,1352.1,buy,,1352.1,1357.1,1349.1,1356.1,2024-09-30 14:29:04+07:00,4.0,
513,2024-09-30 09:04:26+07:00,1352.2,buy,,1352.2,1357.2,1349.2,1356.1,2024-09-30 14:29:04+07:00,3.8999999999998636,
514,2024-09-30 09:04:28+07:00,1352.3,buy,,1352.3,1357.3,1349.3,1356.1,2024-09-30 14:29:04+07:00,3.7999999999999545,
515,2024-09-30 09:04:42+07:00,1352.2,buy,,1352.2,1357.2,1349.2,1356.1,2024-09-30 14:29:04+07:00,3.8999999999998636,
516,2024-09-30 09:04:44+07:00,1352.5,buy,,1352.5,1357.5,1349.5,1356.1,2024-09-30 14:29:04+07:00,3.599999999999909,
